-- phpMyAdmin SQL Dump
-- version 4.7.6
-- https://www.phpmyadmin.net/
--
-- Host: localhost:3306
-- Generation Time: Feb 06, 2018 at 07:28 AM
-- Server version: 10.1.29-MariaDB
-- PHP Version: 7.0.26

SET SQL_MODE = "NO_AUTO_VALUE_ON_ZERO";
SET AUTOCOMMIT = 0;
START TRANSACTION;
SET time_zone = "+00:00";


/*!40101 SET @OLD_CHARACTER_SET_CLIENT=@@CHARACTER_SET_CLIENT */;
/*!40101 SET @OLD_CHARACTER_SET_RESULTS=@@CHARACTER_SET_RESULTS */;
/*!40101 SET @OLD_COLLATION_CONNECTION=@@COLLATION_CONNECTION */;
/*!40101 SET NAMES utf8mb4 */;

--
-- Database: `id4516101_pinoyware`
--

-- --------------------------------------------------------

--
-- Table structure for table `brands`
--
-- Creation: Feb 05, 2018 at 04:56 PM
--

DROP TABLE IF EXISTS `brands`;
CREATE TABLE `brands` (
  `brand_id` int(11) NOT NULL,
  `brand_name` varchar(255) NOT NULL,
  `creation_date` timestamp NOT NULL DEFAULT CURRENT_TIMESTAMP,
  `update_date` timestamp NULL DEFAULT NULL ON UPDATE CURRENT_TIMESTAMP
) ENGINE=InnoDB DEFAULT CHARSET=utf8;

--
-- Dumping data for table `brands`
--

INSERT INTO `brands` (`brand_id`, `brand_name`, `creation_date`, `update_date`) VALUES
(1, 'Acer', '2018-01-29 04:52:16', NULL),
(2, 'HP', '2018-01-29 04:52:16', NULL),
(3, 'Asus', '2018-01-29 04:52:16', NULL),
(4, 'Alienware', '2018-01-29 04:52:16', NULL),
(5, 'Dell', '2018-01-29 04:52:16', NULL),
(6, 'Lenovo', '2018-01-29 04:52:16', NULL),
(7, 'Rebel', '2018-01-29 04:52:16', NULL),
(8, 'MSI', '2018-01-29 08:56:59', NULL),
(9, 'Samsung', '2018-01-29 10:29:18', NULL),
(10, 'Philips', '2018-01-29 10:40:04', NULL),
(11, 'AOC', '2018-01-29 11:00:40', NULL),
(12, 'SADES', '2018-01-29 13:04:30', NULL),
(13, 'SteelSeries', '2018-01-29 13:04:30', NULL),
(14, 'Logitech', '2018-01-29 13:04:30', NULL);

-- --------------------------------------------------------

--
-- Table structure for table `cart`
--
-- Creation: Feb 05, 2018 at 04:56 PM
--

DROP TABLE IF EXISTS `cart`;
CREATE TABLE `cart` (
  `cart_id` int(11) NOT NULL,
  `user_id` int(11) NOT NULL,
  `cart_status_id` int(11) NOT NULL,
  `order_id` int(11) DEFAULT NULL,
  `creation_date` timestamp NOT NULL DEFAULT CURRENT_TIMESTAMP,
  `update_date` timestamp NULL DEFAULT NULL ON UPDATE CURRENT_TIMESTAMP
) ENGINE=InnoDB DEFAULT CHARSET=utf8 COLLATE=utf8_bin;

--
-- Dumping data for table `cart`
--

INSERT INTO `cart` (`cart_id`, `user_id`, `cart_status_id`, `order_id`, `creation_date`, `update_date`) VALUES
(1, 2, 3, NULL, '2018-02-02 07:25:38', NULL),
(2, 3, 3, NULL, '2018-02-02 07:37:53', NULL),
(3, 1, 5, 1, '2018-02-02 07:53:34', '2018-02-04 15:38:43'),
(4, 1, 5, 2, '2018-02-03 13:20:32', '2018-02-04 15:38:45'),
(5, 1, 5, 3, '2018-02-03 13:26:28', '2018-02-04 18:09:45'),
(6, 4, 5, 4, '2018-02-04 03:45:52', '2018-02-04 18:10:21'),
(7, 5, 3, NULL, '2018-02-04 03:47:35', NULL),
(8, 6, 3, NULL, '2018-02-04 03:49:21', NULL),
(9, 7, 3, NULL, '2018-02-04 11:15:39', NULL),
(10, 1, 3, NULL, '2018-02-04 18:09:45', NULL),
(11, 4, 5, 5, '2018-02-04 18:10:21', '2018-02-06 01:30:16'),
(12, 4, 3, NULL, '2018-02-06 01:30:16', NULL),
(13, 8, 3, NULL, '2018-02-06 01:45:22', NULL);

-- --------------------------------------------------------

--
-- Table structure for table `cart_items`
--
-- Creation: Feb 05, 2018 at 04:56 PM
--

DROP TABLE IF EXISTS `cart_items`;
CREATE TABLE `cart_items` (
  `cart_item_id` int(11) NOT NULL,
  `item_id` int(11) NOT NULL,
  `quantity` int(11) NOT NULL,
  `cart_id` int(11) NOT NULL,
  `creation_date` timestamp NOT NULL DEFAULT CURRENT_TIMESTAMP,
  `update_date` timestamp NULL DEFAULT NULL ON UPDATE CURRENT_TIMESTAMP
) ENGINE=InnoDB DEFAULT CHARSET=utf8 COLLATE=utf8_bin;

--
-- Dumping data for table `cart_items`
--

INSERT INTO `cart_items` (`cart_item_id`, `item_id`, `quantity`, `cart_id`, `creation_date`, `update_date`) VALUES
(10, 12, 2, 3, '2018-02-03 08:38:34', '2018-02-03 08:38:38'),
(11, 20, 7, 3, '2018-02-03 08:38:44', '2018-02-03 08:38:51'),
(12, 31, 6, 3, '2018-02-03 09:21:58', '2018-02-03 09:22:08'),
(13, 14, 2, 3, '2018-02-03 10:50:59', '2018-02-03 12:26:22'),
(14, 25, 2, 3, '2018-02-03 10:51:29', '2018-02-03 12:26:21'),
(15, 1, 2, 4, '2018-02-03 13:25:47', '2018-02-03 13:26:16'),
(16, 31, 2, 4, '2018-02-03 13:25:50', '2018-02-03 13:26:15'),
(17, 46, 1, 4, '2018-02-03 13:25:59', NULL),
(18, 27, 3, 4, '2018-02-03 13:26:02', '2018-02-03 13:26:14'),
(19, 44, 4, 4, '2018-02-03 13:26:07', '2018-02-03 13:26:13'),
(20, 1, 5, 6, '2018-02-04 16:50:46', '2018-02-04 16:51:03'),
(21, 31, 2, 6, '2018-02-04 16:50:51', '2018-02-04 16:51:07'),
(22, 7, 5, 6, '2018-02-04 16:50:55', '2018-02-04 16:51:05'),
(23, 10, 3, 6, '2018-02-04 16:50:59', '2018-02-04 16:51:06'),
(24, 35, 1, 6, '2018-02-04 16:51:14', NULL),
(25, 31, 6, 5, '2018-02-04 17:36:58', '2018-02-04 17:47:33'),
(26, 33, 1, 11, '2018-02-06 01:29:27', NULL),
(28, 29, 1, 11, '2018-02-06 01:29:54', NULL),
(29, 1, 2, 11, '2018-02-06 01:30:05', '2018-02-06 01:30:11'),
(30, 12, 1, 13, '2018-02-06 01:47:12', NULL);

-- --------------------------------------------------------

--
-- Table structure for table `categories`
--
-- Creation: Feb 05, 2018 at 04:56 PM
--

DROP TABLE IF EXISTS `categories`;
CREATE TABLE `categories` (
  `category_id` int(11) NOT NULL,
  `category` varchar(255) NOT NULL,
  `creation_date` timestamp NOT NULL DEFAULT CURRENT_TIMESTAMP,
  `update_date` timestamp NULL DEFAULT NULL ON UPDATE CURRENT_TIMESTAMP
) ENGINE=InnoDB DEFAULT CHARSET=utf8;

--
-- Dumping data for table `categories`
--

INSERT INTO `categories` (`category_id`, `category`, `creation_date`, `update_date`) VALUES
(1, 'Laptops', '2018-01-24 11:38:10', NULL),
(2, 'Desktops', '2018-01-24 11:38:10', '2018-01-29 07:54:45'),
(3, 'Headphones', '2018-01-24 11:38:10', NULL),
(4, 'Monitors', '2018-01-24 11:38:10', '2018-01-29 12:22:03');

-- --------------------------------------------------------

--
-- Table structure for table `countries`
--
-- Creation: Feb 05, 2018 at 04:56 PM
--

DROP TABLE IF EXISTS `countries`;
CREATE TABLE `countries` (
  `id` smallint(5) UNSIGNED NOT NULL,
  `name` varchar(255) NOT NULL
) ENGINE=InnoDB DEFAULT CHARSET=utf8;

--
-- Dumping data for table `countries`
--

INSERT INTO `countries` (`id`, `name`) VALUES
(3, 'Afghanistan'),
(6, 'Albania'),
(56, 'Algeria'),
(1, 'Andorra'),
(9, 'Angola'),
(5, 'Anguilla'),
(4, 'Antigua and Barbuda'),
(10, 'Argentina'),
(7, 'Armenia'),
(13, 'Aruba'),
(12, 'Australia'),
(11, 'Austria'),
(14, 'Azerbaijan'),
(28, 'Bahamas'),
(21, 'Bahrain'),
(17, 'Bangladesh'),
(16, 'Barbados'),
(31, 'Belarus'),
(18, 'Belgium'),
(32, 'Belize'),
(23, 'Benin'),
(24, 'Bermuda'),
(29, 'Bhutan'),
(26, 'Bolivia'),
(15, 'Bosnia and Herzegovina'),
(30, 'Botswana'),
(27, 'Brazil'),
(25, 'Brunei Darussalam'),
(20, 'Bulgaria'),
(19, 'Burkina Faso'),
(22, 'Burundi'),
(106, 'Cambodia'),
(42, 'Cameroon'),
(33, 'Canada'),
(47, 'Cape Verde'),
(113, 'Cayman Islands'),
(36, 'Central African Republic'),
(198, 'Chad'),
(41, 'Chile'),
(43, 'China'),
(48, 'Christmas Island'),
(34, 'Cocos (Keeling) Islands'),
(44, 'Colombia'),
(108, 'Comoros'),
(37, 'Congo'),
(40, 'Cook Islands'),
(45, 'Costa Rica'),
(39, 'Cote D\'Ivoire (Ivory Coast)'),
(90, 'Croatia (Hrvatska)'),
(46, 'Cuba'),
(49, 'Cyprus'),
(50, 'Czech Republic'),
(35, 'Democratic Republic of the Congo'),
(53, 'Denmark'),
(52, 'Djibouti'),
(54, 'Dominica'),
(55, 'Dominican Republic'),
(57, 'Ecuador'),
(59, 'Egypt'),
(194, 'El Salvador'),
(82, 'Equatorial Guinea'),
(61, 'Eritrea'),
(58, 'Estonia'),
(63, 'Ethiopia'),
(66, 'Falkland Islands (Malvinas)'),
(68, 'Faroe Islands'),
(67, 'Federated States of Micronesia'),
(65, 'Fiji'),
(64, 'Finland'),
(69, 'France'),
(74, 'French Guiana'),
(162, 'French Polynesia'),
(199, 'French Southern Territories'),
(70, 'Gabon'),
(79, 'Gambia'),
(73, 'Georgia'),
(51, 'Germany'),
(76, 'Ghana'),
(77, 'Gibraltar'),
(71, 'Great Britain (UK)'),
(83, 'Greece'),
(78, 'Greenland'),
(72, 'Grenada'),
(81, 'Guadeloupe'),
(85, 'Guatemala'),
(80, 'Guinea'),
(86, 'Guinea-Bissau'),
(87, 'Guyana'),
(91, 'Haiti'),
(89, 'Honduras'),
(88, 'Hong Kong'),
(92, 'Hungary'),
(99, 'Iceland'),
(96, 'India'),
(93, 'Indonesia'),
(98, 'Iran'),
(97, 'Iraq'),
(94, 'Ireland'),
(95, 'Israel'),
(100, 'Italy'),
(101, 'Jamaica'),
(103, 'Japan'),
(102, 'Jordan'),
(114, 'Kazakhstan'),
(104, 'Kenya'),
(107, 'Kiribati'),
(110, 'Korea (North)'),
(111, 'Korea (South)'),
(112, 'Kuwait'),
(105, 'Kyrgyzstan'),
(115, 'Laos'),
(124, 'Latvia'),
(116, 'Lebanon'),
(121, 'Lesotho'),
(120, 'Liberia'),
(125, 'Libya'),
(118, 'Liechtenstein'),
(122, 'Lithuania'),
(123, 'Luxembourg'),
(135, 'Macao'),
(131, 'Macedonia'),
(129, 'Madagascar'),
(143, 'Malawi'),
(145, 'Malaysia'),
(142, 'Maldives'),
(132, 'Mali'),
(140, 'Malta'),
(130, 'Marshall Islands'),
(137, 'Martinique'),
(138, 'Mauritania'),
(141, 'Mauritius'),
(225, 'Mayotte'),
(144, 'Mexico'),
(128, 'Moldova'),
(127, 'Monaco'),
(134, 'Mongolia'),
(139, 'Montserrat'),
(126, 'Morocco'),
(146, 'Mozambique'),
(133, 'Myanmar'),
(147, 'Namibia'),
(156, 'Nauru'),
(155, 'Nepal'),
(153, 'Netherlands'),
(8, 'Netherlands Antilles'),
(148, 'New Caledonia'),
(158, 'New Zealand (Aotearoa)'),
(152, 'Nicaragua'),
(149, 'Niger'),
(151, 'Nigeria'),
(157, 'Niue'),
(150, 'Norfolk Island'),
(136, 'Northern Mariana Islands'),
(154, 'Norway'),
(159, 'Oman'),
(165, 'Pakistan'),
(171, 'Palau'),
(169, 'Palestinian Territory'),
(160, 'Panama'),
(163, 'Papua New Guinea'),
(172, 'Paraguay'),
(161, 'Peru'),
(164, 'Philippines'),
(168, 'Pitcairn'),
(166, 'Poland'),
(170, 'Portugal'),
(173, 'Qatar'),
(174, 'Reunion'),
(175, 'Romania'),
(176, 'Russian Federation'),
(177, 'Rwanda'),
(84, 'S. Georgia and S. Sandwich Islands'),
(184, 'Saint Helena'),
(109, 'Saint Kitts and Nevis'),
(117, 'Saint Lucia'),
(167, 'Saint Pierre and Miquelon'),
(216, 'Saint Vincent and the Grenadines'),
(223, 'Samoa'),
(189, 'San Marino'),
(193, 'Sao Tome and Principe'),
(178, 'Saudi Arabia'),
(190, 'Senegal'),
(180, 'Seychelles'),
(188, 'Sierra Leone'),
(183, 'Singapore'),
(187, 'Slovakia'),
(185, 'Slovenia'),
(179, 'Solomon Islands'),
(191, 'Somalia'),
(226, 'South Africa'),
(62, 'Spain'),
(119, 'Sri Lanka'),
(181, 'Sudan'),
(192, 'Suriname'),
(186, 'Svalbard and Jan Mayen'),
(196, 'Swaziland'),
(182, 'Sweden'),
(38, 'Switzerland'),
(195, 'Syria'),
(210, 'Taiwan'),
(202, 'Tajikistan'),
(211, 'Tanzania'),
(201, 'Thailand'),
(200, 'Togo'),
(203, 'Tokelau'),
(206, 'Tonga'),
(208, 'Trinidad and Tobago'),
(205, 'Tunisia'),
(207, 'Turkey'),
(204, 'Turkmenistan'),
(197, 'Turks and Caicos Islands'),
(209, 'Tuvalu'),
(213, 'Uganda'),
(212, 'Ukraine'),
(2, 'United Arab Emirates'),
(230, 'United States of America'),
(214, 'Uruguay'),
(215, 'Uzbekistan'),
(221, 'Vanuatu'),
(217, 'Venezuela'),
(220, 'Viet Nam'),
(218, 'Virgin Islands (British)'),
(219, 'Virgin Islands (U.S.)'),
(222, 'Wallis and Futuna'),
(60, 'Western Sahara'),
(224, 'Yemen'),
(228, 'Zaire (former)'),
(227, 'Zambia'),
(229, 'Zimbabwe');

-- --------------------------------------------------------

--
-- Table structure for table `gender`
--
-- Creation: Feb 05, 2018 at 04:56 PM
--

DROP TABLE IF EXISTS `gender`;
CREATE TABLE `gender` (
  `id` int(11) NOT NULL,
  `sex` varchar(255) NOT NULL,
  `creation_date` timestamp NOT NULL DEFAULT CURRENT_TIMESTAMP,
  `update_date` timestamp NULL DEFAULT NULL ON UPDATE CURRENT_TIMESTAMP
) ENGINE=InnoDB DEFAULT CHARSET=utf8;

--
-- Dumping data for table `gender`
--

INSERT INTO `gender` (`id`, `sex`, `creation_date`, `update_date`) VALUES
(1, 'female', '2018-01-26 23:49:19', NULL),
(2, 'male', '2018-01-26 23:49:19', NULL);

-- --------------------------------------------------------

--
-- Table structure for table `intl_regions`
--
-- Creation: Feb 05, 2018 at 04:56 PM
--

DROP TABLE IF EXISTS `intl_regions`;
CREATE TABLE `intl_regions` (
  `id` int(11) UNSIGNED NOT NULL,
  `name` varchar(255) NOT NULL,
  `country_id` smallint(5) UNSIGNED DEFAULT NULL
) ENGINE=InnoDB DEFAULT CHARSET=utf8 ROW_FORMAT=COMPACT;

--
-- Dumping data for table `intl_regions`
--

INSERT INTO `intl_regions` (`id`, `name`, `country_id`) VALUES
(1, 'Sant Julia de Loria', 1),
(2, 'Andorra la Vella', 1),
(3, 'La Massana', 1),
(4, 'Ordino', 1),
(5, 'Canillo', 1),
(6, 'Encamp', 1),
(7, 'Escaldes-Engordany', 1),
(8, 'Fujairah', 2),
(9, 'Abu Dhabi', 2),
(10, 'Dubai', 2),
(11, 'Ras Al Khaimah', 2),
(12, 'Umm Al Quwain', 2),
(13, 'Sharjah', 2),
(14, 'Ajman', 2),
(15, 'Paktika', 3),
(16, 'Farah', 3),
(17, 'Helmand', 3),
(18, 'Kondoz', 3),
(19, 'Bamian', 3),
(20, 'Ghowr', 3),
(21, 'Laghman', 3),
(23, 'Ghazni', 3),
(24, 'Vardak', 3),
(25, 'Oruzgan', 3),
(26, 'Zabol', 3),
(27, 'Badghis', 3),
(28, 'Badakhshan', 3),
(29, 'Faryab', 3),
(30, 'Takhar', 3),
(31, 'Lowgar', 3),
(32, 'Herat', 3),
(33, 'Daykondi', 3),
(34, 'Sar-e Pol', 3),
(35, 'Balkh', 3),
(36, 'Kabol', 3),
(37, 'Nimruz', 3),
(38, 'Kandahar', 3),
(39, 'Khowst', 3),
(41, 'Kapisa', 3),
(42, 'Nangarhar', 3),
(43, 'Samangan', 3),
(44, 'Paktia', 3),
(45, 'Baghlan', 3),
(46, 'Jowzjan', 3),
(47, 'Konar', 3),
(48, 'Nurestan', 3),
(52, 'Panjshir', 3),
(53, 'Saint John', 4),
(54, 'Saint Paul', 4),
(55, 'Saint George', 4),
(56, 'Saint Peter', 4),
(57, 'Saint Mary', 4),
(58, 'Barbuda', 4),
(59, 'Saint Philip', 4),
(61, 'Vlore', 6),
(62, 'Korce', 6),
(63, 'Shkoder', 6),
(64, 'Durres', 6),
(65, 'Elbasan', 6),
(66, 'Kukes', 6),
(67, 'Fier', 6),
(68, 'Berat', 6),
(69, 'Gjirokaster', 6),
(70, 'Tirane', 6),
(71, 'Lezhe', 6),
(72, 'Diber', 6),
(73, 'Aragatsotn', 7),
(74, 'Ararat', 7),
(75, 'Kotayk\'', 7),
(76, 'Tavush', 7),
(77, 'Syunik\'', 7),
(78, 'Geghark\'unik\'', 7),
(79, 'Vayots\' Dzor', 7),
(80, 'Lorri', 7),
(81, 'Armavir', 7),
(82, 'Yerevan', 7),
(83, 'Shirak', 7),
(85, 'Benguela', 9),
(86, 'Uige', 9),
(87, 'Bengo', 9),
(88, 'Cuanza Norte', 9),
(89, 'Malanje', 9),
(90, 'Cuanza Sul', 9),
(91, 'Huambo', 9),
(92, 'Moxico', 9),
(93, 'Cuando Cubango', 9),
(94, 'Bie', 9),
(95, 'Huila', 9),
(96, 'Lunda Sul', 9),
(98, 'Zaire', 9),
(99, 'Cunene', 9),
(100, 'Lunda Norte', 9),
(101, 'Namibe', 9),
(102, 'Cabinda', 9),
(103, 'Buenos Aires', 10),
(104, 'Cordoba', 10),
(105, 'Entre Rios', 10),
(106, 'Salta', 10),
(107, 'Jujuy', 10),
(108, 'La Pampa', 10),
(109, 'Mendoza', 10),
(110, 'Misiones', 10),
(111, 'Santa Cruz', 10),
(112, 'Santa Fe', 10),
(113, 'Tucuman', 10),
(114, 'Corrientes', 10),
(115, 'San Juan', 10),
(116, 'Santiago del Estero', 10),
(117, 'Catamarca', 10),
(118, 'Neuquen', 10),
(119, 'Distrito Federal', 10),
(120, 'La Rioja', 10),
(121, 'Rio Negro', 10),
(122, 'Chubut', 10),
(123, 'San Luis', 10),
(124, 'Tierra del Fuego', 10),
(125, 'Formosa', 10),
(126, 'Chaco', 10),
(127, 'Niederosterreich', 11),
(128, 'Salzburg', 11),
(129, 'Oberosterreich', 11),
(130, 'Tirol', 11),
(131, 'Karnten', 11),
(132, 'Steiermark', 11),
(133, 'Vorarlberg', 11),
(134, 'Wien', 11),
(135, 'Burgenland', 11),
(136, 'New South Wales', 12),
(137, 'Tasmania', 12),
(138, 'Western Australia', 12),
(139, 'Queensland', 12),
(140, 'Victoria', 12),
(141, 'South Australia', 12),
(142, 'Northern Territory', 12),
(143, 'Australian Capital Territory', 12),
(146, 'Neftcala', 14),
(147, 'Xanlar', 14),
(148, 'Yevlax', 14),
(149, 'Agdas', 14),
(150, 'Sabirabad', 14),
(151, 'Yardimli', 14),
(152, 'Calilabad', 14),
(153, 'Saatli', 14),
(154, 'Saki', 14),
(155, 'Kurdamir', 14),
(156, 'Qazax', 14),
(157, 'Tovuz', 14),
(158, 'Samkir', 14),
(159, 'Agdam', 14),
(160, 'Qubadli', 14),
(161, 'Oguz', 14),
(162, 'Lacin', 14),
(163, 'Kalbacar', 14),
(164, 'Haciqabul', 14),
(165, 'Bilasuvar', 14),
(166, 'Balakan', 14),
(167, 'Naxcivan', 14),
(168, 'Qabala', 14),
(169, 'Agcabadi', 14),
(170, 'Samaxi', 14),
(171, 'Davaci', 14),
(172, 'Quba', 14),
(173, 'Qusar', 14),
(174, 'Imisli', 14),
(175, 'Abseron', 14),
(176, 'Xacmaz', 14),
(177, 'Cabrayil', 14),
(178, 'Ismayilli', 14),
(179, 'Goranboy', 14),
(180, 'Fuzuli', 14),
(181, 'Baki', 14),
(182, 'Beylaqan', 14),
(183, 'Daskasan', 14),
(184, 'Masalli', 14),
(185, 'Zaqatala', 14),
(186, 'Lankaran', 14),
(187, 'Lerik', 14),
(188, 'Ali Bayramli', 14),
(189, 'Qax', 14),
(190, 'Samux', 14),
(191, 'Zardab', 14),
(192, 'Gadabay', 14),
(193, 'Ucar', 14),
(194, 'Barda', 14),
(195, 'Siyazan', 14),
(196, 'Xocavand', 14),
(197, 'Zangilan', 14),
(198, 'Xizi', 14),
(199, 'Yevlax', 14),
(200, 'Agsu', 14),
(201, 'Qobustan', 14),
(202, 'Goycay', 14),
(203, 'Astara', 14),
(204, 'Xocali', 14),
(205, 'Xankandi', 14),
(206, 'Tartar', 14),
(207, 'Agstafa', 14),
(208, 'Salyan', 14),
(209, 'Susa', 14),
(210, 'Ganca', 14),
(211, 'Sumqayit', 14),
(212, 'Saki', 14),
(213, 'Naftalan', 14),
(214, 'Lankaran', 14),
(215, 'Mingacevir', 14),
(216, 'Susa', 14),
(217, 'Republika Srpska', 15),
(218, 'Federation of Bosnia and Herzegovina', 15),
(220, 'Saint Joseph', 16),
(221, 'Saint Lucy', 16),
(222, 'Saint Thomas', 16),
(223, 'Saint James', 16),
(224, 'Saint John', 16),
(225, 'Saint Peter', 16),
(226, 'Christ Church', 16),
(227, 'Saint George', 16),
(228, 'Saint Michael', 16),
(229, 'Saint Andrew', 16),
(230, 'Saint Philip', 16),
(231, 'Khulna', 17),
(232, 'Rajshahi', 17),
(233, 'Dhaka', 17),
(235, 'Barisal', 17),
(236, 'Sylhet', 17),
(237, 'Chittagong', 17),
(238, 'Oost-Vlaanderen', 18),
(239, 'West-Vlaanderen', 18),
(241, 'Limburg', 18),
(242, 'Antwerpen', 18),
(243, 'Luxembourg', 18),
(244, 'Hainaut', 18),
(245, 'Liege', 18),
(246, 'Namur', 18),
(247, 'Brussels Hoofdstedelijk Gewest', 18),
(248, 'Vlaams-Brabant', 18),
(249, 'Brabant Wallon', 18),
(251, 'Mouhoun', 19),
(252, 'Bam', 19),
(257, 'Tapoa', 19),
(258, 'Soum', 19),
(259, 'Leraba', 19),
(260, 'Noumbiel', 19),
(262, 'Gnagna', 19),
(265, 'Yatenga', 19),
(266, 'Banwa', 19),
(267, 'Poni', 19),
(268, 'Loroum', 19),
(269, 'Kouritenga', 19),
(270, 'Tuy', 19),
(271, 'Kossi', 19),
(272, 'Passore', 19),
(273, 'Kenedougou', 19),
(274, 'Bale', 19),
(275, 'Bougouriba', 19),
(276, 'Houet', 19),
(277, 'Gourma', 19),
(278, 'Namentenga', 19),
(279, 'Sanmatenga', 19),
(281, 'Ioba', 19),
(282, 'Ganzourgou', 19),
(283, 'Naouri', 19),
(284, 'Boulkiemde', 19),
(285, 'Zoundweogo', 19),
(286, 'Zondoma', 19),
(289, 'Komoe', 19),
(290, 'Yagha', 19),
(291, 'Komondjari', 19),
(292, 'Sourou', 19),
(293, 'Nayala', 19),
(294, 'Sissili', 19),
(295, 'Sanguie', 19),
(296, 'Oudalan', 19),
(297, 'Koulpelogo', 19),
(298, 'Ziro', 19),
(299, 'Kourweogo', 19),
(300, 'Oubritenga', 19),
(301, 'Seno', 19),
(302, 'Bazega', 19),
(303, 'Kadiogo', 19),
(304, 'Kompienga', 19),
(305, 'Boulgou', 19),
(306, 'Lovech', 20),
(307, 'Varna', 20),
(308, 'Burgas', 20),
(309, 'Razgrad', 20),
(310, 'Plovdiv', 20),
(311, 'Khaskovo', 20),
(312, 'Sofiya', 20),
(313, 'Silistra', 20),
(314, 'Vidin', 20),
(315, 'Montana', 20),
(316, 'Mikhaylovgrad', 20),
(317, 'Grad Sofiya', 20),
(318, 'Turgovishte', 20),
(319, 'Kurdzhali', 20),
(320, 'Dobrich', 20),
(321, 'Shumen', 20),
(322, 'Blagoevgrad', 20),
(323, 'Smolyan', 20),
(324, 'Stara Zagora', 20),
(325, 'Pazardzhik', 20),
(326, 'Ruse', 20),
(327, 'Vratsa', 20),
(328, 'Pleven', 20),
(329, 'Pernik', 20),
(330, 'Kyustendil', 20),
(331, 'Yambol', 20),
(332, 'Gabrovo', 20),
(333, 'Sliven', 20),
(334, 'Veliko Turnovo', 20),
(335, 'Jidd Hafs', 21),
(337, 'Al Mintaqah ash Shamaliyah', 21),
(339, 'Al Manamah', 21),
(340, 'Sitrah', 21),
(341, 'Al Mintaqah al Gharbiyah', 21),
(342, 'Mintaqat Juzur Hawar', 21),
(343, 'Al Hadd', 21),
(344, 'Al Mintaqah al Wusta', 21),
(345, 'Ar Rifa', 21),
(346, 'Madinat', 21),
(347, 'Karuzi', 22),
(348, 'Ruyigi', 22),
(349, 'Bubanza', 22),
(350, 'Bururi', 22),
(351, 'Makamba', 22),
(352, 'Kayanza', 22),
(354, 'Rutana', 22),
(355, 'Muyinga', 22),
(356, 'Cibitoke', 22),
(357, 'Gitega', 22),
(358, 'Cankuzo', 22),
(359, 'Bujumbura', 22),
(360, 'Ngozi', 22),
(361, 'Kirundo', 22),
(362, 'Plateau', 23),
(363, 'Collines', 23),
(366, 'Oueme', 23),
(367, 'Zou', 23),
(370, 'Atlanyique', 23),
(371, 'Borgou', 23),
(372, 'Mono', 23),
(374, 'Kouffo', 23),
(375, 'Donga', 23),
(376, 'Littoral', 23),
(377, 'Alibori', 23),
(378, 'Atakora', 23),
(379, 'Devonshire', 24),
(380, 'Paget', 24),
(381, 'Saint George\'s', 24),
(382, 'Smiths', 24),
(383, 'Hamilton', 24),
(384, 'Warwick', 24),
(385, 'Sandys', 24),
(386, 'Saint George', 24),
(387, 'Hamilton', 24),
(389, 'Santa Cruz', 26),
(390, 'Pando', 26),
(391, 'Tarija', 26),
(392, 'La Paz', 26),
(393, 'Oruro', 26),
(394, 'Cochabamba', 26),
(395, 'Potosi', 26),
(396, 'Chuquisaca', 26),
(397, 'El Beni', 26),
(398, 'Santa Catarina', 27),
(399, 'Mato Grosso do Sul', 27),
(400, 'Rio Grande do Sul', 27),
(401, 'Espirito Santo', 27),
(402, 'Bahia', 27),
(403, 'Rondonia', 27),
(404, 'Minas Gerais', 27),
(405, 'Paraiba', 27),
(406, 'Amapa', 27),
(407, 'Amazonas', 27),
(408, 'Para', 27),
(409, 'Ceara', 27),
(410, 'Rio de Janeiro', 27),
(411, 'Goias', 27),
(412, 'Sao Paulo', 27),
(413, 'Parana', 27),
(414, 'Rio Grande do Norte', 27),
(415, 'Acre', 27),
(416, 'Piaui', 27),
(417, 'Pernambuco', 27),
(418, 'Mato Grosso', 27),
(419, 'Maranhao', 27),
(420, 'Tocantins', 27),
(421, 'Roraima', 27),
(422, 'Alagoas', 27),
(423, 'Sergipe', 27),
(424, 'Distrito Federal', 27),
(425, 'Acklins and Crooked Islands', 28),
(426, 'Mayaguana', 28),
(427, 'Long Island', 28),
(428, 'New Providence', 28),
(429, 'Exuma', 28),
(430, 'Bimini', 28),
(431, 'Governor\'s Harbour', 28),
(432, 'San Salvador and Rum Cay', 28),
(433, 'Fresh Creek', 28),
(434, 'Cat Island', 28),
(435, 'Nichollstown and Berry Islands', 28),
(436, 'Kemps Bay', 28),
(437, 'Freeport', 28),
(438, 'Rock Sound', 28),
(439, 'Harbour Island', 28),
(440, 'High Rock', 28),
(441, 'Green Turtle Cay', 28),
(442, 'Marsh Harbour', 28),
(443, 'Ragged Island', 28),
(444, 'Sandy Point', 28),
(445, 'Inagua', 28),
(446, 'Wangdi Phodrang', 29),
(447, 'Paro', 29),
(448, 'Daga', 29),
(449, 'Mongar', 29),
(450, 'Shemgang', 29),
(451, 'Thimphu', 29),
(452, 'Tashigang', 29),
(453, 'Chirang', 29),
(454, 'Geylegphug', 29),
(455, 'Samdrup', 29),
(456, 'Bumthang', 29),
(457, 'Samchi', 29),
(458, 'Tongsa', 29),
(459, 'Chhukha', 29),
(460, 'Pemagatsel', 29),
(461, 'Ha', 29),
(462, 'Punakha', 29),
(463, 'Lhuntshi', 29),
(464, 'Central', 30),
(465, 'South-East', 30),
(466, 'North-East', 30),
(467, 'North-West', 30),
(468, 'Ghanzi', 30),
(469, 'Kweneng', 30),
(470, 'Kgalagadi', 30),
(472, 'Southern', 30),
(473, 'Kgatleng', 30),
(474, 'Homyel\'skaya Voblasts\'', 31),
(475, 'Minsk', 31),
(476, 'Brestskaya Voblasts\'', 31),
(477, 'Hrodzyenskaya Voblasts\'', 31),
(478, 'Mahilyowskaya Voblasts\'', 31),
(479, 'Vitsyebskaya Voblasts\'', 31),
(480, 'Toledo', 32),
(481, 'Cayo', 32),
(482, 'Stann Creek', 32),
(483, 'Corozal', 32),
(484, 'Orange Walk', 32),
(485, 'Belize', 32),
(500, 'Equateur', 35),
(501, 'Orientale', 35),
(503, 'Nord-Kivu', 35),
(505, 'Maniema', 35),
(506, 'Bandundu', 35),
(508, 'Katanga', 35),
(509, 'Sud-Kivu', 35),
(510, 'Bas-Congo', 35),
(511, 'Kasai-Oriental', 35),
(512, 'Kinshasa', 35),
(513, 'Nana-Mambere', 36),
(514, 'Ouaka', 36),
(515, 'Haute-Kotto', 36),
(516, 'Sangha-Mbaere', 36),
(517, 'Bamingui-Bangoran', 36),
(518, 'Mbomou', 36),
(519, 'Basse-Kotto', 36),
(520, 'Kemo', 36),
(521, 'Haut-Mbomou', 36),
(522, 'Ouham-Pende', 36),
(523, 'Ouham', 36),
(524, 'Ombella-Mpoko', 36),
(525, 'Cuvette-Ouest', 36),
(526, 'Mambere-Kadei', 36),
(527, 'Lobaye', 36),
(529, 'Nana-Grebizi', 36),
(530, 'Bangui', 36),
(532, 'Plateaux', 37),
(533, 'Pool', 37),
(534, 'Sangha', 37),
(535, 'Lekoumou', 37),
(536, 'Likouala', 37),
(537, 'Kouilou', 37),
(538, 'Niari', 37),
(539, 'Bouenza', 37),
(540, 'Brazzaville', 37),
(541, 'Cuvette-Ouest', 37),
(542, 'Cuvette', 37),
(543, 'Thurgau', 38),
(544, 'Aargau', 38),
(545, 'Bern', 38),
(546, 'Zurich', 38),
(547, 'Fribourg', 38),
(548, 'Ausser-Rhoden', 38),
(549, 'Valais', 38),
(550, 'Uri', 38),
(551, 'Graubunden', 38),
(552, 'Ticino', 38),
(553, 'Luzern', 38),
(554, 'Obwalden', 38),
(555, 'Solothurn', 38),
(556, 'Basel-Stadt', 38),
(557, 'Inner-Rhoden', 38),
(558, 'Zug', 38),
(559, 'Vaud', 38),
(560, 'Jura', 38),
(561, 'Basel-Landschaft', 38),
(562, 'Schwyz', 38),
(563, 'Sankt Gallen', 38),
(564, 'Schaffhausen', 38),
(565, 'Glarus', 38),
(566, 'Geneve', 38),
(567, 'Neuchatel', 38),
(568, 'Nidwalden', 38),
(579, 'Vallee du Bandama', 39),
(581, 'N\'zi-Comoe', 39),
(585, 'Moyen-Comoe', 39),
(587, 'Lagunes', 39),
(588, 'Zanzan', 39),
(589, 'Sud-Comoe', 39),
(590, 'Lacs', 39),
(598, 'Fromager', 39),
(600, 'Agneby', 39),
(601, 'Bas-Sassandra', 39),
(603, 'Marahoue', 39),
(608, 'Bafing', 39),
(614, 'Savanes', 39),
(619, 'Sud-Bandama', 39),
(620, 'Haut-Sassandra', 39),
(621, 'Moyen-Cavally', 39),
(622, 'Dix-Huit Montagnes', 39),
(623, 'Denguele', 39),
(624, 'Worodougou', 39),
(626, 'Bio-Bio', 41),
(627, 'Maule', 41),
(628, 'Los Lagos', 41),
(629, 'Tarapaca', 41),
(630, 'Valparaiso', 41),
(631, 'Atacama', 41),
(632, 'Coquimbo', 41),
(633, 'Libertador General Bernardo O\'Higgins', 41),
(634, 'Antofagasta', 41),
(635, 'Araucania', 41),
(636, 'Aisen del General Carlos Ibanez del Campo', 41),
(637, 'Region Metropolitana', 41),
(638, 'Magallanes y de la Antartica Chilena', 41),
(639, 'Est', 42),
(640, 'Adamaoua', 42),
(641, 'Centre', 42),
(642, 'Sud', 42),
(643, 'Nord-Ouest', 42),
(644, 'Extreme-Nord', 42),
(645, 'Sud-Ouest', 42),
(646, 'Littoral', 42),
(647, 'Nord', 42),
(648, 'Ouest', 42),
(649, 'Sichuan', 43),
(650, 'Xinjiang', 43),
(651, 'Nei Mongol', 43),
(652, 'Yunnan', 43),
(653, 'Guizhou', 43),
(654, 'Heilongjiang', 43),
(655, 'Shandong', 43),
(656, 'Liaoning', 43),
(657, 'Shaanxi', 43),
(658, 'Qinghai', 43),
(659, 'Gansu', 43),
(660, 'Jiangsu', 43),
(661, 'Fujian', 43),
(662, 'Hunan', 43),
(663, 'Jiangxi', 43),
(664, 'Guangxi', 43),
(665, 'Zhejiang', 43),
(666, 'Hebei', 43),
(667, 'Hubei', 43),
(668, 'Anhui', 43),
(669, 'Tianjin', 43),
(670, 'Hainan', 43),
(671, 'Guangdong', 43),
(672, 'Xizang', 43),
(673, 'Jilin', 43),
(674, 'Chongqing', 43),
(675, 'Beijing', 43),
(676, 'Shanxi', 43),
(677, 'Shanghai', 43),
(678, 'Henan', 43),
(679, 'Ningxia', 43),
(680, 'Cundinamarca', 44),
(681, 'Norte de Santander', 44),
(682, 'Narino', 44),
(684, 'Risaralda', 44),
(685, 'Antioquia', 44),
(686, 'Amazonas', 44),
(687, 'La Guajira', 44),
(688, 'Choco', 44),
(689, 'Cauca', 44),
(690, 'Valle del Cauca', 44),
(691, 'Arauca', 44),
(692, 'Meta', 44),
(693, 'Caqueta', 44),
(694, 'Casanare', 44),
(695, 'Vaupes', 44),
(696, 'Tolima', 44),
(697, 'Huila', 44),
(699, 'Atlantico', 44),
(700, 'Cordoba', 44),
(701, 'Santander', 44),
(702, 'Cesar', 44),
(703, 'Sucre', 44),
(705, 'Putumayo', 44),
(707, 'Guaviare', 44),
(708, 'San Andres y Providencia', 44),
(709, 'Vichada', 44),
(710, 'Quindio', 44),
(711, 'Guainia', 44),
(712, 'Distrito Especial', 44),
(713, 'Guanacaste', 45),
(714, 'Limon', 45),
(715, 'Puntarenas', 45),
(716, 'Alajuela', 45),
(717, 'Heredia', 45),
(718, 'San Jose', 45),
(719, 'Cartago', 45),
(720, 'Cienfuegos', 46),
(721, 'La Habana', 46),
(722, 'Santiago de Cuba', 46),
(723, 'Camaguey', 46),
(724, 'Ciudad de la Habana', 46),
(725, 'Villa Clara', 46),
(726, 'Pinar del Rio', 46),
(727, 'Matanzas', 46),
(728, 'Guantanamo', 46),
(729, 'Las Tunas', 46),
(730, 'Ciego de Avila', 46),
(731, 'Sancti Spiritus', 46),
(732, 'Holguin', 46),
(733, 'Granma', 46),
(734, 'Isla de la Juventud', 46),
(735, 'Sao Domingos', 47),
(738, 'Limassol', 49),
(739, 'Nicosia', 49),
(740, 'Paphos', 49),
(741, 'Famagusta', 49),
(742, 'Larnaca', 49),
(743, 'Kyrenia', 49),
(744, 'Karlovarsky kraj', 50),
(745, 'Pardubicky kraj', 50),
(747, 'Jihomoravsky kraj', 50),
(748, 'Jihocesky kraj', 50),
(749, 'Olomoucky kraj', 50),
(750, 'Moravskoslezsky kraj', 50),
(752, 'Kralovehradecky kraj', 50),
(753, 'Ustecky kraj', 50),
(754, 'Stredocesky kraj', 50),
(755, 'Vysocina', 50),
(756, 'Plzensky kraj', 50),
(760, 'Zlinsky kraj', 50),
(761, 'Hlavni mesto Praha', 50),
(763, 'Liberecky kraj', 50),
(773, 'Nordrhein-Westfalen', 51),
(774, 'Baden-Wurttemberg', 51),
(775, 'Bayern', 51),
(776, 'Rheinland-Pfalz', 51),
(777, 'Niedersachsen', 51),
(778, 'Schleswig-Holstein', 51),
(779, 'Brandenburg', 51),
(780, 'Sachsen-Anhalt', 51),
(781, 'Sachsen', 51),
(782, 'Thuringen', 51),
(783, 'Hessen', 51),
(784, 'Mecklenburg-Vorpommern', 51),
(785, 'Hamburg', 51),
(786, 'Berlin', 51),
(787, 'Saarland', 51),
(788, 'Bremen', 51),
(789, 'Ali Sabieh', 52),
(790, 'Tadjoura', 52),
(792, 'Obock', 52),
(794, 'Arta', 52),
(795, 'Dikhil', 52),
(796, 'Syddanmark', 53),
(797, 'Midtjylland', 53),
(798, 'Nordjylland', 53),
(799, 'Sjelland', 53),
(800, 'Hovedstaden', 53),
(801, 'Saint Andrew', 54),
(802, 'Saint David', 54),
(803, 'Saint Joseph', 54),
(804, 'Saint George', 54),
(805, 'Saint Patrick', 54),
(806, 'Saint Peter', 54),
(807, 'Saint John', 54),
(808, 'Saint Mark', 54),
(809, 'Saint Paul', 54),
(810, 'Saint Luke', 54),
(811, 'Sanchez Ramirez', 55),
(812, 'Espaillat', 55),
(813, 'Duarte', 55),
(814, 'Samana', 55),
(815, 'Maria Trinidad Sanchez', 55),
(816, 'La Romana', 55),
(817, 'Azua', 55),
(818, 'San Cristobal', 55),
(819, 'El Seibo', 55),
(820, 'Monte Plata', 55),
(821, 'Distrito Nacional', 55),
(822, 'Elias Pina', 55),
(823, 'Santiago', 55),
(824, 'Santiago Rodriguez', 55),
(825, 'Peravia', 55),
(826, 'Monte Cristi', 55),
(827, 'Salcedo', 55),
(828, 'Puerto Plata', 55),
(829, 'San Pedro De Macoris', 55),
(830, 'Pedernales', 55),
(831, 'Independencia', 55),
(832, 'La Vega', 55),
(833, 'Dajabon', 55),
(834, 'Hato Mayor', 55),
(835, 'Barahona', 55),
(836, 'San Juan', 55),
(837, 'La Altagracia', 55),
(838, 'Valverde', 55),
(839, 'Baoruco', 55),
(840, 'Monsenor Nouel', 55),
(841, 'Ain Temouchent', 56),
(842, 'Oran', 56),
(843, 'Medea', 56),
(844, 'Chlef', 56),
(845, 'Bechar', 56),
(846, 'Tamanghasset', 56),
(847, 'Bejaia', 56),
(848, 'Tizi Ouzou', 56),
(849, 'Boumerdes', 56),
(850, 'Ain Defla', 56),
(851, 'Annaba', 56),
(852, 'Setif', 56),
(853, 'Relizane', 56),
(854, 'Mascara', 56),
(855, 'Mostaganem', 56),
(856, 'Tiaret', 56),
(857, 'Bordj Bou Arreridj', 56),
(858, 'Tipaza', 56),
(860, 'Bouira', 56),
(861, 'Tissemsilt', 56),
(862, 'Jijel', 56),
(863, 'Saida', 56),
(864, 'Illizi', 56),
(865, 'Tlemcen', 56),
(866, 'Adrar', 56),
(867, 'Laghouat', 56),
(868, 'Constantine', 56),
(869, 'Khenchela', 56),
(870, 'Batna', 56),
(871, 'Alger', 56),
(872, 'M\'sila', 56),
(873, 'Skikda', 56),
(874, 'Oum el Bouaghi', 56),
(875, 'Naama', 56),
(876, 'Sidi Bel Abbes', 56),
(877, 'Mila', 56),
(878, 'Ouargla', 56),
(879, 'Djelfa', 56),
(880, 'El Bayadh', 56),
(881, 'Souk Ahras', 56),
(882, 'El Oued', 56),
(883, 'Blida', 56),
(884, 'Biskra', 56),
(885, 'Tebessa', 56),
(886, 'Guelma', 56),
(887, 'Tindouf', 56),
(888, 'Ghardaia', 56),
(889, 'Manabi', 57),
(890, 'Zamora-Chinchipe', 57),
(891, 'Morona-Santiago', 57),
(892, 'El Oro', 57),
(893, 'Azuay', 57),
(894, 'Sucumbios', 57),
(895, 'Guayas', 57),
(896, 'Los Rios', 57),
(897, 'Loja', 57),
(898, 'Chimborazo', 57),
(899, 'Tungurahua', 57),
(900, 'Esmeraldas', 57),
(901, 'Pichincha', 57),
(902, 'Imbabura', 57),
(903, 'Cotopaxi', 57),
(904, 'Carchi', 57),
(905, 'Napo', 57),
(906, 'Canar', 57),
(907, 'Pastaza', 57),
(908, 'Orellana', 57),
(909, 'Bolivar', 57),
(910, 'Galapagos', 57),
(911, 'Harjumaa', 58),
(912, 'Tartumaa', 58),
(913, 'Hiiumaa', 58),
(914, 'Raplamaa', 58),
(915, 'Valgamaa', 58),
(916, 'Laanemaa', 58),
(917, 'Polvamaa', 58),
(918, 'Parnumaa', 58),
(919, 'Laane-Virumaa', 58),
(920, 'Jarvamaa', 58),
(921, 'Viljandimaa', 58),
(922, 'Saaremaa', 58),
(923, 'Jogevamaa', 58),
(924, 'Ida-Virumaa', 58),
(925, 'Vorumaa', 58),
(926, 'Ash Sharqiyah', 59),
(927, 'Al Gharbiyah', 59),
(928, 'Ad Daqahliyah', 59),
(929, 'Al Jizah', 59),
(930, 'Al Minya', 59),
(931, 'Kafr ash Shaykh', 59),
(932, 'Al Buhayrah', 59),
(933, 'Qina', 59),
(934, 'Al Qahirah', 59),
(935, 'Al Iskandariyah', 59),
(936, 'Al Fayyum', 59),
(937, 'Asyut', 59),
(938, 'Al Minufiyah', 59),
(939, 'Bani Suwayf', 59),
(940, 'Al Qalyubiyah', 59),
(941, 'Aswan', 59),
(942, 'Shamal Sina\'', 59),
(943, 'Suhaj', 59),
(944, 'Janub Sina\'', 59),
(945, 'Al Bahr al Ahmar', 59),
(946, 'Al Isma\'iliyah', 59),
(947, 'Dumyat', 59),
(948, 'Matruh', 59),
(949, 'As Suways', 59),
(950, 'Al Wadi al Jadid', 59),
(951, 'Bur Sa\'id', 59),
(954, 'Aragon', 62),
(955, 'Galicia', 62),
(956, 'Castilla y Leon', 62),
(957, 'Extremadura', 62),
(958, 'Pais Vasco', 62),
(959, 'Cantabria', 62),
(960, 'Navarra', 62),
(961, 'Asturias', 62),
(962, 'La Rioja', 62),
(963, 'Castilla-La Mancha', 62),
(964, 'Murcia', 62),
(965, 'Andalucia', 62),
(966, 'Comunidad Valenciana', 62),
(967, 'Catalonia', 62),
(968, 'Canarias', 62),
(969, 'Madrid', 62),
(970, 'Islas Baleares', 62),
(984, 'Oulu', 64),
(985, 'Western Finland', 64),
(986, 'Lapland', 64),
(987, 'Eastern Finland', 64),
(988, 'Southern Finland', 64),
(989, 'Aland', 64),
(992, 'Northern', 65),
(993, 'Western', 65),
(994, 'Central', 65),
(995, 'Eastern', 65),
(997, 'Yap', 67),
(998, 'Pohnpei', 67),
(999, 'Chuuk', 67),
(1000, 'Kosrae', 67),
(1002, 'Aquitaine', 69),
(1003, 'Nord-Pas-de-Calais', 69),
(1004, 'Lorraine', 69),
(1005, 'Haute-Normandie', 69),
(1006, 'Picardie', 69),
(1007, 'Franche-Comte', 69),
(1008, 'Pays de la Loire', 69),
(1009, 'Champagne-Ardenne', 69),
(1010, 'Centre', 69),
(1011, 'Languedoc-Roussillon', 69),
(1012, 'Poitou-Charentes', 69),
(1013, 'Rhone-Alpes', 69),
(1014, 'Basse-Normandie', 69),
(1015, 'Ile-de-France', 69),
(1016, 'Bourgogne', 69),
(1017, 'Auvergne', 69),
(1018, 'Provence-Alpes-Cote d\'Azur', 69),
(1019, 'Corse', 69),
(1020, 'Alsace', 69),
(1021, 'Bretagne', 69),
(1022, 'Midi-Pyrenees', 69),
(1023, 'Limousin', 69),
(1024, 'Estuaire', 70),
(1025, 'Woleu-Ntem', 70),
(1026, 'Moyen-Ogooue', 70),
(1027, 'Ogooue-Maritime', 70),
(1028, 'Ogooue-Lolo', 70),
(1029, 'Ogooue-Ivindo', 70),
(1030, 'Haut-Ogooue', 70),
(1031, 'Ngounie', 70),
(1032, 'Nyanga', 70),
(1033, 'Worcestershire', 71),
(1034, 'Hampshire', 71),
(1035, 'Herefordshire', 71),
(1036, 'Essex', 71),
(1037, 'Powys', 71),
(1038, 'Monmouthshire', 71),
(1039, 'Scottish Borders', 71),
(1040, 'Cumbria', 71),
(1041, 'Devon', 71),
(1042, 'Staffordshire', 71),
(1043, 'Dorset', 71),
(1044, 'Hertford', 71),
(1045, 'Cambridgeshire', 71),
(1046, 'Lancashire', 71),
(1047, 'Conwy', 71),
(1048, 'Ceredigion', 71),
(1049, 'Rhondda Cynon Taff', 71),
(1050, 'Highland', 71),
(1051, 'Perth and Kinross', 71),
(1052, 'Caerphilly', 71),
(1053, 'Blaenau Gwent', 71),
(1054, 'Merthyr Tydfil', 71),
(1055, 'Pembrokeshire', 71),
(1056, 'Aberdeenshire', 71),
(1057, 'Gwynedd', 71),
(1058, 'Aberdeen City', 71),
(1059, 'Fife', 71),
(1060, 'Neath Port Talbot', 71),
(1061, 'Isle of Anglesey', 71),
(1062, 'Wokingham', 71),
(1063, 'York', 71),
(1064, 'Stirling', 71),
(1065, 'Carmarthenshire', 71),
(1066, 'Bridgend', 71),
(1067, 'East Lothian', 71),
(1068, 'Angus', 71),
(1069, 'Moray', 71),
(1070, 'Torfaen', 71),
(1071, 'Swansea', 71),
(1072, 'Vale of Glamorgan', 71),
(1073, 'Oxfordshire', 71),
(1074, 'Surrey', 71),
(1075, 'South Lanarkshire', 71),
(1076, 'Leicestershire', 71),
(1077, 'Wigan', 71),
(1078, 'Northamptonshire', 71),
(1079, 'Lincolnshire', 71),
(1080, 'Argyll and Bute', 71),
(1081, 'Northumberland', 71),
(1082, 'Norfolk', 71),
(1083, 'Solihull', 71),
(1084, 'Wrexham', 71),
(1085, 'Cheshire', 71),
(1086, 'Shropshire', 71),
(1087, 'Banbridge', 71),
(1088, 'South Gloucestershire', 71),
(1089, 'West Lothian', 71),
(1091, 'Kent', 71),
(1092, 'Leeds', 71),
(1093, 'Somerset', 71),
(1094, 'Gloucestershire', 71),
(1095, 'Buckinghamshire', 71),
(1096, 'Coleraine', 71),
(1097, 'Craigavon', 71),
(1098, 'Antrim', 71),
(1099, 'Limavady', 71),
(1100, 'Armagh', 71),
(1101, 'Ballymena', 71),
(1102, 'North Yorkshire', 71),
(1103, 'Sefton', 71),
(1104, 'Warwickshire', 71),
(1105, 'Derry', 71),
(1106, 'Eilean Siar', 71),
(1107, 'North Lanarkshire', 71),
(1108, 'Falkirk', 71),
(1109, 'Shetland Islands', 71),
(1110, 'Wiltshire', 71),
(1111, 'Durham', 71),
(1112, 'Darlington', 71),
(1113, 'Suffolk', 71),
(1114, 'Derbyshire', 71),
(1115, 'Walsall', 71),
(1116, 'Rotherham', 71),
(1117, 'West Dunbartonshire', 71),
(1118, 'East Sussex', 71),
(1119, 'Coventry', 71),
(1120, 'Derby', 71),
(1121, 'Southend-on-Sea', 71),
(1122, 'Clackmannanshire', 71),
(1123, 'Kirklees', 71),
(1124, 'St. Helens', 71),
(1125, 'Omagh', 71),
(1126, 'Cornwall', 71),
(1127, 'North Lincolnshire', 71),
(1128, 'Newry and Mourne', 71),
(1129, 'South Ayrshire', 71),
(1130, 'Isle of Wight', 71),
(1132, 'Dumfries and Galloway', 71),
(1133, 'Bedfordshire', 71),
(1134, 'Down', 71),
(1135, 'Dungannon', 71),
(1136, 'Renfrewshire', 71),
(1137, 'Leicester', 71),
(1138, 'Glasgow City', 71),
(1139, 'West Sussex', 71),
(1140, 'Warrington', 71),
(1141, 'Cookstown', 71),
(1142, 'North Ayrshire', 71),
(1143, 'Barnsley', 71),
(1144, 'Strabane', 71),
(1145, 'Doncaster', 71),
(1146, 'Ballymoney', 71),
(1147, 'Fermanagh', 71),
(1149, 'Nottingham', 71),
(1151, 'Tameside', 71),
(1152, 'Rutland', 71),
(1153, 'Nottinghamshire', 71),
(1154, 'Midlothian', 71),
(1155, 'East Ayrshire', 71),
(1156, 'Stoke-on-Trent', 71),
(1157, 'Bristol', 71),
(1158, 'Flintshire', 71),
(1159, 'Blackburn with Darwen', 71),
(1160, 'Moyle', 71),
(1161, 'Carrickfergus', 71),
(1162, 'Castlereagh', 71),
(1163, 'Larne', 71),
(1164, 'Belfast', 71),
(1165, 'Magherafelt', 71),
(1166, 'North Down', 71),
(1167, 'North Somerset', 71),
(1168, 'East Renfrewshire', 71),
(1169, 'Newport', 71),
(1170, 'Bath and North East Somerset', 71),
(1173, 'Newham', 71),
(1175, 'Denbighshire', 71),
(1176, 'East Riding of Yorkshire', 71),
(1177, 'Bexley', 71),
(1178, 'Bromley', 71),
(1179, 'Bradford', 71),
(1180, 'Bracknell Forest', 71),
(1181, 'Cardiff', 71),
(1182, 'Birmingham', 71),
(1183, 'Orkney', 71),
(1184, 'East Dunbartonshire', 71),
(1185, 'Blackpool', 71),
(1186, 'Southampton', 71),
(1187, 'Newcastle upon Tyne', 71),
(1188, 'Bolton', 71),
(1189, 'Redcar and Cleveland', 71),
(1190, 'Bournemouth', 71),
(1191, 'Swindon', 71),
(1192, 'Stockport', 71),
(1193, 'Windsor and Maidenhead', 71),
(1194, 'Inverclyde', 71),
(1195, 'Medway', 71),
(1196, 'Milton Keynes', 71),
(1197, 'Dundee City', 71),
(1198, 'Telford and Wrekin', 71),
(1199, 'Reading', 71),
(1200, 'Bury', 71),
(1201, 'Wolverhampton', 71),
(1202, 'Southwark', 71),
(1203, 'Camden', 71),
(1204, 'Slough', 71),
(1205, 'Middlesbrough', 71),
(1206, 'Stockton-on-Tees', 71),
(1207, 'Newtownabbey', 71),
(1208, 'Lisburn', 71),
(1210, 'Lewisham', 71),
(1211, 'West Berkshire', 71),
(1212, 'Manchester', 71),
(1213, 'Westminster', 71),
(1214, 'Ards', 71),
(1215, 'Plymouth', 71),
(1216, 'Croydon', 71),
(1217, 'Barking and Dagenham', 71),
(1218, 'Hartlepool', 71),
(1219, 'Sheffield', 71),
(1220, 'Oldham', 71),
(1221, 'Knowsley', 71),
(1222, 'Liverpool', 71),
(1223, 'Dudley', 71),
(1224, 'Gateshead', 71),
(1225, 'Ealing', 71),
(1226, 'Edinburgh', 71),
(1227, 'Enfield', 71),
(1228, 'Calderdale', 71),
(1229, 'Halton', 71),
(1230, 'North Tyneside', 71),
(1231, 'Thurrock', 71),
(1232, 'North East Lincolnshire', 71),
(1233, 'Wirral', 71),
(1234, 'Hackney', 71),
(1235, 'Hammersmith and Fulham', 71),
(1236, 'Havering', 71),
(1237, 'Harrow', 71),
(1238, 'Barnet', 71),
(1239, 'Hounslow', 71),
(1240, 'Brighton and Hove', 71),
(1241, 'Kingston upon Hull', 71),
(1242, 'Redbridge', 71),
(1243, 'Islington', 71),
(1244, 'Kensington and Chelsea', 71),
(1245, 'Kingston upon Thames', 71),
(1246, 'Lambeth', 71),
(1247, 'London', 71),
(1248, 'Luton', 71),
(1249, 'Sunderland', 71),
(1250, 'Merton', 71),
(1251, 'Sandwell', 71),
(1252, 'Salford', 71),
(1253, 'Peterborough', 71),
(1254, 'Poole', 71),
(1255, 'Tower Hamlets', 71),
(1256, 'Portsmouth', 71),
(1257, 'Rochdale', 71),
(1258, 'Greenwich', 71),
(1259, 'South Tyneside', 71),
(1260, 'Trafford', 71),
(1261, 'Sutton', 71),
(1262, 'Torbay', 71),
(1263, 'Richmond upon Thames', 71),
(1264, 'Hillingdon', 71),
(1265, 'Wakefield', 71),
(1266, 'Waltham Forest', 71),
(1267, 'Wandsworth', 71),
(1268, 'Brent', 71),
(1269, 'Haringey', 71),
(1270, 'Saint Andrew', 72),
(1271, 'Saint George', 72),
(1272, 'Saint David', 72),
(1273, 'Saint Patrick', 72),
(1274, 'Saint Mark', 72),
(1275, 'Saint John', 72),
(1276, 'Abkhazia', 73),
(1277, 'Ninotsmindis Raioni', 73),
(1278, 'P\'ot\'i', 73),
(1279, 'Ambrolauris Raioni', 73),
(1280, 'Abashis Raioni', 73),
(1281, 'Akhalts\'ikhis Raioni', 73),
(1282, 'Zestap\'onis Raioni', 73),
(1283, 'Tsalenjikhis Raioni', 73),
(1284, 'Marneulis Raioni', 73),
(1285, 'Goris Raioni', 73),
(1286, 'K\'arelis Raioni', 73),
(1287, 'Khashuris Raioni', 73),
(1288, 'Kaspis Raioni', 73),
(1289, 'Ajaria', 73),
(1290, 'Mts\'khet\'is Raioni', 73),
(1291, 'Ch\'okhatauris Raioni', 73),
(1292, 'Akhalk\'alak\'is Raioni', 73),
(1293, 'Samtrediis Raioni', 73),
(1294, 'Tqibuli', 73),
(1295, 'Dushet\'is Raioni', 73),
(1296, 'Onis Raioni', 73),
(1297, 'Lentekhis Raioni', 73),
(1298, 'Martvilis Raioni', 73),
(1299, 'K\'ut\'aisi', 73),
(1300, 'Akhalgoris Raioni', 73),
(1301, 'Aspindzis Raioni', 73),
(1302, 'Akhmetis Raioni', 73),
(1303, 'Lagodekhis Raioni', 73),
(1304, 'Zugdidis Raioni', 73),
(1305, 'Borjomis Raioni', 73),
(1306, 'T\'ianet\'is Raioni', 73),
(1307, 'Khobis Raioni', 73),
(1308, 'Kharagaulis Raioni', 73),
(1309, 'Vanis Raioni', 73),
(1310, 'T\'elavis Raioni', 73),
(1311, 'Tsalkis Raioni', 73),
(1312, 'Qazbegis Raioni', 73),
(1313, 'Sagarejos Raioni', 73),
(1314, 'T\'et\'ritsqaros Raioni', 73),
(1315, 'Dedop\'listsqaros Raioni', 73),
(1316, 'Javis Raioni', 73),
(1317, 'Ch\'khorotsqus Raioni', 73),
(1318, 'Tsqaltubo', 73),
(1319, 'Rust\'avi', 73),
(1320, 'T\'bilisi', 73),
(1321, 'Baghdat\'is Raioni', 73),
(1322, 'Lanch\'khut\'is Raioni', 73),
(1323, 'Chiat\'ura', 73),
(1324, 'Ts\'ageris Raioni', 73),
(1327, 'Central', 76),
(1328, 'Western', 76),
(1329, 'Ashanti', 76),
(1330, 'Upper East', 76),
(1331, 'Volta', 76),
(1332, 'Brong-Ahafo', 76),
(1333, 'Northern', 76),
(1334, 'Greater Accra', 76),
(1335, 'Upper West', 76),
(1336, 'Eastern', 76),
(1338, 'Vestgronland', 78),
(1339, 'Nordgronland', 78),
(1340, 'Ostgronland', 78),
(1341, 'Central River', 79),
(1342, 'Western', 79),
(1343, 'North Bank', 79),
(1344, 'Upper River', 79),
(1345, 'Lower River', 79),
(1346, 'Banjul', 79),
(1347, 'Kouroussa', 80),
(1348, 'Beyla', 80),
(1349, 'Koundara', 80),
(1350, 'Dinguiraye', 80),
(1351, 'Mali', 80),
(1352, 'Macenta', 80),
(1355, 'Kissidougou', 80),
(1356, 'Forecariah', 80),
(1357, 'Pita', 80),
(1361, 'Dabola', 80),
(1362, 'Boke', 80),
(1363, 'Mamou', 80),
(1364, 'Faranah', 80),
(1365, 'Telimele', 80),
(1366, 'Boffa', 80),
(1367, 'Gueckedou', 80),
(1368, 'Kindia', 80),
(1369, 'Fria', 80),
(1370, 'Tougue', 80),
(1371, 'Yomou', 80),
(1372, 'Gaoual', 80),
(1373, 'Kerouane', 80),
(1374, 'Dalaba', 80),
(1375, 'Conakry', 80),
(1376, 'Coyah', 80),
(1377, 'Dubreka', 80),
(1378, 'Kankan', 80),
(1379, 'Koubia', 80),
(1380, 'Labe', 80),
(1381, 'Lelouma', 80),
(1382, 'Lola', 80),
(1383, 'Mandiana', 80),
(1384, 'Nzerekore', 80),
(1385, 'Siguiri', 80),
(1387, 'Centro Sur', 82),
(1388, 'Wele-Nzas', 82),
(1389, 'Kie-Ntem', 82),
(1390, 'Litoral', 82),
(1391, 'Annobon', 82),
(1392, 'Bioko Norte', 82),
(1393, 'Bioko Sur', 82),
(1395, 'Kilkis', 83),
(1396, 'Larisa', 83),
(1397, 'Attiki', 83),
(1398, 'Trikala', 83),
(1399, 'Preveza', 83),
(1400, 'Kerkira', 83),
(1401, 'Ioannina', 83),
(1402, 'Pella', 83),
(1403, 'Thessaloniki', 83),
(1404, 'Voiotia', 83),
(1405, 'Kikladhes', 83),
(1406, 'Kavala', 83),
(1407, 'Argolis', 83),
(1408, 'Rethimni', 83),
(1409, 'Serrai', 83),
(1410, 'Lakonia', 83),
(1411, 'Iraklion', 83),
(1412, 'Lasithi', 83),
(1413, 'Rodhopi', 83),
(1414, 'Drama', 83),
(1415, 'Messinia', 83),
(1416, 'Evvoia', 83),
(1417, 'Akhaia', 83),
(1418, 'Magnisia', 83),
(1419, 'Khania', 83),
(1420, 'Kardhitsa', 83),
(1421, 'Evros', 83),
(1422, 'Arkadhia', 83),
(1423, 'Aitolia kai Akarnania', 83),
(1424, 'Kozani', 83),
(1425, 'Thesprotia', 83),
(1426, 'Lesvos', 83),
(1427, 'Dhodhekanisos', 83),
(1428, 'Kefallinia', 83),
(1429, 'Khios', 83),
(1430, 'Arta', 83),
(1431, 'Grevena', 83),
(1432, 'Zakinthos', 83),
(1433, 'Evritania', 83),
(1434, 'Fthiotis', 83),
(1435, 'Kastoria', 83),
(1436, 'Samos', 83),
(1437, 'Imathia', 83),
(1438, 'Florina', 83),
(1439, 'Pieria', 83),
(1440, 'Levkas', 83),
(1441, 'Fokis', 83),
(1442, 'Ilia', 83),
(1443, 'Korinthia', 83),
(1444, 'Xanthi', 83),
(1445, 'Khalkidhiki', 83),
(1448, 'Izabal', 85),
(1449, 'Alta Verapaz', 85),
(1450, 'Retalhuleu', 85),
(1451, 'El Progreso', 85),
(1452, 'Guatemala', 85),
(1453, 'Jutiapa', 85),
(1454, 'Chimaltenango', 85),
(1455, 'Chiquimula', 85),
(1456, 'Zacapa', 85),
(1457, 'Jalapa', 85),
(1458, 'San Marcos', 85),
(1459, 'Quiche', 85),
(1460, 'Huehuetenango', 85),
(1461, 'Quetzaltenango', 85),
(1462, 'Baja Verapaz', 85),
(1463, 'Santa Rosa', 85),
(1464, 'Solola', 85),
(1465, 'Peten', 85),
(1466, 'Escuintla', 85),
(1467, 'Sacatepequez', 85),
(1468, 'Totonicapan', 85),
(1469, 'Suchitepequez', 85),
(1470, 'Cacheu', 86),
(1471, 'Biombo', 86),
(1472, 'Oio', 86),
(1473, 'Bissau', 86),
(1474, 'Bafata', 86),
(1475, 'Tombali', 86),
(1476, 'Gabu', 86),
(1477, 'Bolama', 86),
(1478, 'Quinara', 86),
(1479, 'Mahaica-Berbice', 87),
(1480, 'Upper Takutu-Upper Essequibo', 87),
(1481, 'Barima-Waini', 87),
(1482, 'Pomeroon-Supenaam', 87),
(1483, 'Demerara-Mahaica', 87),
(1484, 'Cuyuni-Mazaruni', 87),
(1485, 'East Berbice-Corentyne', 87),
(1486, 'Essequibo Islands-West Demerara', 87),
(1487, 'Potaro-Siparuni', 87),
(1488, 'Upper Demerara-Berbice', 87),
(1490, 'Colon', 89),
(1491, 'Choluteca', 89),
(1492, 'Comayagua', 89),
(1493, 'Valle', 89),
(1494, 'Santa Barbara', 89),
(1495, 'Francisco Morazan', 89),
(1496, 'El Paraiso', 89),
(1497, 'Lempira', 89),
(1498, 'Copan', 89),
(1499, 'Olancho', 89),
(1500, 'Cortes', 89),
(1501, 'Yoro', 89),
(1502, 'Atlantida', 89),
(1503, 'Intibuca', 89),
(1504, 'La Paz', 89),
(1505, 'Ocotepeque', 89),
(1506, 'Gracias a Dios', 89),
(1507, 'Islas de la Bahia', 89),
(1508, 'Primorsko-Goranska', 90),
(1509, 'Splitsko-Dalmatinska', 90),
(1510, 'Istarska', 90),
(1511, 'Osjecko-Baranjska', 90),
(1512, 'Viroviticko-Podravska', 90),
(1513, 'Grad Zagreb', 90),
(1514, 'Sisacko-Moslavacka', 90),
(1515, 'Licko-Senjska', 90),
(1516, 'Brodsko-Posavska', 90),
(1517, 'Dubrovacko-Neretvanska', 90),
(1518, 'Pozesko-Slavonska', 90),
(1519, 'Zagrebacka', 90),
(1520, 'Bjelovarsko-Bilogorska', 90),
(1521, 'Varazdinska', 90),
(1522, 'Vukovarsko-Srijemska', 90),
(1523, 'Krapinsko-Zagorska', 90),
(1524, 'Koprivnicko-Krizevacka', 90),
(1525, 'Karlovacka', 90),
(1526, 'Sibensko-Kninska', 90),
(1527, 'Medimurska', 90),
(1529, 'Sud', 91),
(1530, 'Centre', 91),
(1532, 'Ouest', 91),
(1533, 'Nord', 91),
(1534, 'Nord-Ouest', 91),
(1535, 'Nord-Est', 91),
(1536, 'Sud-Est', 91),
(1537, 'Artibonite', 91),
(1538, 'Komarom-Esztergom', 92),
(1539, 'Fejer', 92),
(1540, 'Jasz-Nagykun-Szolnok', 92),
(1541, 'Baranya', 92),
(1542, 'Szabolcs-Szatmar-Bereg', 92),
(1543, 'Heves', 92),
(1544, 'Borsod-Abauj-Zemplen', 92),
(1545, 'Gyor-Moson-Sopron', 92),
(1546, 'Pest', 92),
(1547, 'Veszprem', 92),
(1548, 'Bacs-Kiskun', 92),
(1549, 'Vas', 92),
(1550, 'Hajdu-Bihar', 92),
(1551, 'Zala', 92),
(1552, 'Somogy', 92),
(1553, 'Tolna', 92),
(1554, 'Nograd', 92),
(1555, 'Budapest', 92),
(1556, 'Miskolc', 92),
(1557, 'Csongrad', 92),
(1558, 'Debrecen', 92),
(1559, 'Bekes', 92),
(1560, 'Szeged', 92),
(1561, 'Pecs', 92),
(1562, 'Gyor', 92),
(1563, 'Jawa Timur', 93),
(1565, 'Sulawesi Tenggara', 93),
(1567, 'Nusa Tenggara Timur', 93),
(1568, 'Sulawesi Utara', 93),
(1569, 'Sumatera Barat', 93),
(1570, 'Aceh', 93),
(1571, 'Sulawesi Tengah', 93),
(1575, 'Jawa Tengah', 93),
(1576, 'Jawa Barat', 93),
(1577, 'Bali', 93),
(1579, 'Banten', 93),
(1580, 'Sumatera Utara', 93),
(1581, 'Kalimantan Timur', 93),
(1582, 'Lampung', 93),
(1583, 'Nusa Tenggara Barat', 93),
(1584, 'Kalimantan Barat', 93),
(1585, 'Kalimantan Tengah', 93),
(1587, 'Bengkulu', 93),
(1588, 'Jambi', 93),
(1589, 'Kalimantan Selatan', 93),
(1590, 'Yogyakarta', 93),
(1591, 'Jakarta Raya', 93),
(1593, 'Maluku', 93),
(1594, 'Galway', 94),
(1595, 'Cork', 94),
(1596, 'Kerry', 94),
(1597, 'Limerick', 94),
(1598, 'Longford', 94),
(1599, 'Laois', 94),
(1600, 'Waterford', 94),
(1601, 'Mayo', 94),
(1602, 'Sligo', 94),
(1603, 'Kildare', 94),
(1604, 'Dublin', 94),
(1605, 'Wicklow', 94),
(1606, 'Cavan', 94),
(1607, 'Kilkenny', 94),
(1608, 'Wexford', 94),
(1609, 'Carlow', 94),
(1610, 'Offaly', 94),
(1611, 'Monaghan', 94),
(1612, 'Leitrim', 94),
(1613, 'Clare', 94),
(1614, 'Donegal', 94),
(1615, 'Louth', 94),
(1616, 'Roscommon', 94),
(1617, 'Tipperary', 94),
(1618, 'Westmeath', 94),
(1619, 'Meath', 94),
(1620, 'HaZafon', 95),
(1621, 'HaDarom', 95),
(1622, 'HaMerkaz', 95),
(1623, 'Yerushalayim', 95),
(1624, 'Tel Aviv', 95),
(1625, 'Hefa', 95),
(1627, 'West Bengal', 96),
(1628, 'Uttar Pradesh', 96),
(1629, 'Punjab', 96),
(1630, 'Madhya Pradesh', 96),
(1631, 'Karnataka', 96),
(1632, 'Maharashtra', 96),
(1633, 'Haryana', 96),
(1634, 'Uttarakhand', 96),
(1635, 'Andhra Pradesh', 96),
(1636, 'Tripura', 96),
(1637, 'Tamil Nadu', 96),
(1638, 'Jammu and Kashmir', 96),
(1639, 'Andaman and Nicobar Islands', 96),
(1640, 'Assam', 96),
(1641, 'Chhattisgarh', 96),
(1642, 'Rajasthan', 96),
(1643, 'Goa', 96),
(1644, 'Puducherry', 96),
(1645, 'Gujarat', 96),
(1646, 'Kerala', 96),
(1647, 'Arunachal Pradesh', 96),
(1648, 'Orissa', 96),
(1649, 'Himachal Pradesh', 96),
(1650, 'Bihar', 96),
(1651, 'Meghalaya', 96),
(1652, 'Nagaland', 96),
(1653, 'Manipur', 96),
(1654, 'Mizoram', 96),
(1655, 'Jharkhand', 96),
(1657, 'Delhi', 96),
(1658, 'Dadra and Nagar Haveli', 96),
(1660, 'Daman and Diu', 96),
(1661, 'Sikkim', 96),
(1662, 'Chandigarh', 96),
(1663, 'Lakshadweep', 96),
(1664, 'As Sulaymaniyah', 97),
(1665, 'Dhi Qar', 97),
(1666, 'Maysan', 97),
(1667, 'Diyala', 97),
(1668, 'Baghdad', 97),
(1669, 'Wasit', 97),
(1670, 'Salah ad Din', 97),
(1671, 'Al Qadisiyah', 97),
(1672, 'Babil', 97),
(1673, 'Karbala\'', 97),
(1674, 'An Najaf', 97),
(1675, 'Al Muthanna', 97),
(1676, 'Al Anbar', 97),
(1677, 'Dahuk', 97),
(1678, 'Ninawa', 97),
(1679, 'Arbil', 97),
(1680, 'Al Basrah', 97),
(1681, 'At Ta\'mim', 97),
(1682, 'Zanjan', 98),
(1683, 'Azarbayjan-e Bakhtari', 98),
(1684, 'Yazd', 98),
(1685, 'Khuzestan', 98),
(1686, 'Esfahan', 98),
(1687, 'Ardabil', 98),
(1688, 'Tehran', 98),
(1689, 'East Azarbaijan', 98),
(1690, 'Bushehr', 98),
(1691, 'Hormozgan', 98),
(1692, 'Mazandaran', 98),
(1693, 'Kerman', 98),
(1694, 'Fars', 98),
(1695, 'Kohkiluyeh va Buyer Ahmadi', 98),
(1696, 'Khorasan', 98),
(1697, 'Sistan va Baluchestan', 98),
(1698, 'Chahar Mahall va Bakhtiari', 98),
(1699, 'Kerman', 98),
(1700, 'Mazandaran', 98),
(1701, 'Qazvin', 98),
(1702, 'Zanjan', 98),
(1703, 'Markazi', 98),
(1704, 'Markazi', 98),
(1705, 'Lorestan', 98),
(1706, 'Markazi', 98),
(1707, 'Khorasan-e Razavi', 98),
(1708, 'Hamadan', 98),
(1709, 'Semnan', 98),
(1710, 'Gilan', 98),
(1711, 'Kordestan', 98),
(1712, 'Bakhtaran', 98),
(1713, 'Ilam', 98),
(1714, 'Semnan Province', 98),
(1715, 'Golestan', 98),
(1716, 'Qom', 98),
(1718, 'Zanjan', 98),
(1720, 'Skagafjardarsysla', 99),
(1721, 'Borgarfjardarsysla', 99),
(1722, 'Myrasysla', 99),
(1723, 'Rangarvallasysla', 99),
(1724, 'Eyjafjardarsysla', 99),
(1725, 'Kjosarsysla', 99),
(1726, 'Vestur-Isafjardarsysla', 99),
(1728, 'Strandasysla', 99),
(1729, 'Gullbringusysla', 99),
(1730, 'Austur-Hunavatnssysla', 99),
(1731, 'Austur-Skaftafellssysla', 99),
(1732, 'Nordur-Mulasysla', 99),
(1733, 'Sudur-Mulasysla', 99),
(1734, 'Vestur-Bardastrandarsysla', 99),
(1735, 'Snafellsnes- og Hnappadalssysla', 99),
(1736, 'Arnessysla', 99),
(1737, 'Vestur-Hunavatnssysla', 99),
(1738, 'Sudur-Tingeyjarsysla', 99),
(1740, 'Vestur-Skaftafellssysla', 99),
(1742, 'Nordur-Tingeyjarsysla', 99),
(1743, 'Toscana', 100),
(1744, 'Veneto', 100),
(1745, 'Campania', 100),
(1746, 'Marche', 100),
(1747, 'Piemonte', 100),
(1748, 'Lombardia', 100),
(1749, 'Sardegna', 100),
(1750, 'Abruzzi', 100),
(1751, 'Emilia-Romagna', 100),
(1752, 'Trentino-Alto Adige', 100),
(1753, 'Umbria', 100),
(1754, 'Basilicata', 100),
(1755, 'Puglia', 100),
(1756, 'Sicilia', 100),
(1757, 'Lazio', 100),
(1758, 'Liguria', 100),
(1759, 'Calabria', 100),
(1760, 'Molise', 100),
(1761, 'Friuli-Venezia Giulia', 100),
(1762, 'Valle d\'Aosta', 100),
(1764, 'Saint Ann', 101),
(1765, 'Saint Elizabeth', 101),
(1766, 'Hanover', 101),
(1767, 'Westmoreland', 101),
(1768, 'Trelawny', 101),
(1769, 'Manchester', 101),
(1770, 'Saint James', 101),
(1771, 'Saint Andrew', 101),
(1772, 'Saint Thomas', 101),
(1773, 'Saint Mary', 101),
(1774, 'Portland', 101),
(1775, 'Clarendon', 101),
(1776, 'Saint Catherine', 101),
(1777, 'Kingston', 101),
(1779, 'At Tafilah', 102),
(1782, 'Al Karak', 102),
(1784, 'Al Balqa\'', 102),
(1786, 'Amman', 102),
(1787, 'Al Aqabah', 102),
(1788, 'Okinawa', 103),
(1789, 'Nagasaki', 103),
(1790, 'Hokkaido', 103),
(1791, 'Tokushima', 103),
(1792, 'Mie', 103),
(1793, 'Kanagawa', 103),
(1794, 'Chiba', 103),
(1795, 'Hyogo', 103),
(1796, 'Yamaguchi', 103),
(1797, 'Aomori', 103),
(1798, 'Miyazaki', 103),
(1799, 'Shizuoka', 103),
(1800, 'Shimane', 103),
(1801, 'Fukushima', 103),
(1802, 'Okayama', 103),
(1803, 'Shiga', 103),
(1804, 'Kagoshima', 103),
(1805, 'Hiroshima', 103),
(1806, 'Tottori', 103),
(1807, 'Akita', 103),
(1808, 'Nagano', 103),
(1809, 'Fukui', 103),
(1810, 'Saitama', 103),
(1811, 'Wakayama', 103),
(1812, 'Kochi', 103),
(1813, 'Iwate', 103),
(1814, 'Miyagi', 103),
(1815, 'Niigata', 103),
(1816, 'Gumma', 103),
(1817, 'Aichi', 103),
(1818, 'Toyama', 103),
(1819, 'Kumamoto', 103),
(1820, 'Kagawa', 103),
(1821, 'Ehime', 103),
(1822, 'Tokyo', 103),
(1823, 'Fukuoka', 103),
(1824, 'Tochigi', 103),
(1825, 'Yamagata', 103),
(1826, 'Saga', 103),
(1827, 'Oita', 103),
(1828, 'Gifu', 103),
(1829, 'Ishikawa', 103),
(1830, 'Nara', 103),
(1831, 'Ibaraki', 103),
(1832, 'Kyoto', 103),
(1833, 'Yamanashi', 103),
(1834, 'Osaka', 103),
(1835, 'Coast', 104),
(1836, 'Nyanza', 104),
(1837, 'Rift Valley', 104),
(1838, 'Western', 104),
(1839, 'North-Eastern', 104),
(1840, 'Eastern', 104),
(1841, 'Nairobi Area', 104),
(1842, 'Central', 104),
(1843, 'Jalal-Abad', 105),
(1844, 'Naryn', 105),
(1845, 'Osh', 105),
(1846, 'Chuy', 105),
(1847, 'Ysyk-Kol', 105),
(1848, 'Bishkek', 105),
(1849, 'Talas', 105),
(1850, 'Batken', 105),
(1852, 'Siem Reap', 106),
(1853, 'Kracheh', 106),
(1854, 'Kampong Thum', 106),
(1855, 'Kampong Chhnang', 106),
(1857, 'Kampong Cham', 106),
(1858, 'Kampong Speu', 106),
(1859, 'Takeo', 106),
(1860, 'Batdambang', 106),
(1861, 'Prey Veng', 106),
(1862, 'Ratanakiri Kiri', 106),
(1863, 'Svay Rieng', 106),
(1864, 'Koh Kong', 106),
(1865, 'Pursat', 106),
(1866, 'Phnum Penh', 106),
(1867, 'Mondulkiri', 106),
(1868, 'Stung Treng', 106),
(1869, 'Kampot', 106),
(1870, 'Banteay Meanchey', 106),
(1871, 'Preah Vihear', 106),
(1872, 'Kandal', 106),
(1874, 'Anjouan', 108),
(1875, 'Moheli', 108),
(1876, 'Grande Comore', 108),
(1877, 'Saint George Gingerland', 109),
(1878, 'Saint James Windward', 109),
(1879, 'Saint Thomas Lowland', 109),
(1880, 'Saint George Basseterre', 109),
(1881, 'Saint John Figtree', 109),
(1882, 'Saint Peter Basseterre', 109),
(1883, 'Saint John Capisterre', 109),
(1884, 'Christ Church Nichola Town', 109),
(1885, 'Trinity Palmetto Point', 109),
(1886, 'Saint Anne Sandy Point', 109),
(1887, 'Saint Mary Cayon', 109),
(1888, 'Saint Thomas Middle Island', 109),
(1889, 'Saint Paul Capisterre', 109),
(1890, 'P\'yongan-namdo', 110),
(1891, 'P\'yongan-bukto', 110),
(1892, 'P\'yongyang-si', 110),
(1893, 'Kangwon-do', 110),
(1894, 'Hwanghae-bukto', 110),
(1895, 'Hamgyong-namdo', 110),
(1896, 'Chagang-do', 110),
(1897, 'Hamgyong-bukto', 110),
(1898, 'Hwanghae-namdo', 110),
(1899, 'Namp\'o-si', 110),
(1900, 'Kaesong-si', 110),
(1901, 'Yanggang-do', 110),
(1902, 'Najin Sonbong-si', 110),
(1903, 'Ch\'ungch\'ong-bukto', 111),
(1904, 'Kangwon-do', 111),
(1905, 'Ch\'ungch\'ong-namdo', 111),
(1906, 'Kyongsang-bukto', 111),
(1907, 'Cholla-namdo', 111),
(1908, 'Kyonggi-do', 111),
(1909, 'Cheju-do', 111),
(1910, 'Cholla-bukto', 111),
(1911, 'Seoul-t\'ukpyolsi', 111),
(1912, 'Kyongsang-namdo', 111),
(1913, 'Taegu-jikhalsi', 111),
(1914, 'Pusan-jikhalsi', 111),
(1915, 'Kwangju-jikhalsi', 111),
(1916, 'Ulsan-gwangyoksi', 111),
(1917, 'Inch\'on-jikhalsi', 111),
(1918, 'Taejon-jikhalsi', 111),
(1919, 'Al Kuwayt', 112),
(1920, 'Al Jahra', 112),
(1923, 'Almaty', 114),
(1924, 'South Kazakhstan', 114),
(1925, 'North Kazakhstan', 114),
(1926, 'Pavlodar', 114),
(1927, 'Qaraghandy', 114),
(1928, 'Qyzylorda', 114),
(1929, 'East Kazakhstan', 114),
(1930, 'Aqmola', 114),
(1931, 'Aqtobe', 114),
(1932, 'Qostanay', 114),
(1933, 'West Kazakhstan', 114),
(1934, 'Atyrau', 114),
(1935, 'Zhambyl', 114),
(1936, 'Astana', 114),
(1937, 'Mangghystau', 114),
(1938, 'Almaty City', 114),
(1939, 'Bayqonyr', 114),
(1941, 'Savannakhet', 115),
(1942, 'Phongsali', 115),
(1943, 'Saravan', 115),
(1946, 'Houaphan', 115),
(1947, 'Attapu', 115),
(1949, 'Champasak', 115),
(1950, 'Louangphrabang', 115),
(1951, 'Oudomxai', 115),
(1955, 'Xiangkhoang', 115),
(1956, 'Vientiane', 115),
(1960, 'Xaignabouri', 115),
(1961, 'Khammouan', 115),
(1966, 'Liban-Nord', 116),
(1967, 'Al Janub', 116),
(1968, 'Beyrouth', 116),
(1969, 'Mont-Liban', 116),
(1970, 'Beqaa', 116),
(1971, 'Liban-Sud', 116),
(1972, 'Micoud', 117),
(1973, 'Laborie', 117),
(1974, 'Dennery', 117),
(1975, 'Anse-la-Raye', 117),
(1976, 'Vieux-Fort', 117),
(1977, 'Castries', 117),
(1978, 'Soufriere', 117),
(1979, 'Gros-Islet', 117),
(1980, 'Choiseul', 117),
(1981, 'Dauphin', 117),
(1982, 'Praslin', 117),
(1983, 'Balzers', 118),
(1984, 'Gamprin', 118),
(1985, 'Planken', 118),
(1986, 'Vaduz', 118),
(1987, 'Eschen', 118),
(1988, 'Triesenberg', 118),
(1989, 'Schellenberg', 118),
(1990, 'Mauren', 118),
(1991, 'Ruggell', 118),
(1992, 'Schaan', 118),
(1993, 'Triesen', 118),
(1994, 'North Western', 119),
(1995, 'Southern', 119),
(1996, 'Central', 119),
(1997, 'Sabaragamuwa', 119),
(1998, 'North Central', 119),
(2000, 'Western', 119),
(2001, 'Uva', 119),
(2002, 'Nimba', 120),
(2003, 'Grand Bassa', 120),
(2004, 'Lofa', 120),
(2005, 'Bong', 120),
(2007, 'Montserrado', 120),
(2009, 'Margibi', 120),
(2011, 'Sino', 120),
(2012, 'River Cess', 120),
(2013, 'Grand Cape Mount', 120),
(2015, 'Maryland', 120),
(2016, 'Grand Cape Mount', 120),
(2017, 'Gbarpolu', 120),
(2018, 'River Gee', 120),
(2019, 'Grand Gedeh', 120),
(2020, 'Lofa', 120),
(2021, 'Maseru', 121),
(2022, 'Quthing', 121),
(2023, 'Mafeteng', 121),
(2024, 'Berea', 121),
(2025, 'Mohales Hoek', 121),
(2026, 'Thaba-Tseka', 121),
(2027, 'Butha-Buthe', 121),
(2028, 'Leribe', 121),
(2029, 'Qachas Nek', 121),
(2030, 'Mokhotlong', 121),
(2032, 'Panevezio Apskritis', 122),
(2033, 'Telsiu Apskritis', 122),
(2034, 'Klaipedos Apskritis', 122),
(2035, 'Vilniaus Apskritis', 122),
(2036, 'Siauliu Apskritis', 122),
(2037, 'Taurages Apskritis', 122),
(2038, 'Marijampoles Apskritis', 122),
(2040, 'Utenos Apskritis', 122),
(2041, 'Alytaus Apskritis', 122),
(2042, 'Kauno Apskritis', 122),
(2043, 'Luxembourg', 123),
(2044, 'Grevenmacher', 123),
(2045, 'Diekirch', 123),
(2046, 'Madonas', 124),
(2047, 'Kuldigas', 124),
(2048, 'Daugavpils', 124),
(2049, 'Tukuma', 124),
(2050, 'Ventspils', 124),
(2051, 'Dobeles', 124),
(2052, 'Liepajas', 124),
(2053, 'Balvu', 124),
(2054, 'Saldus', 124),
(2055, 'Bauskas', 124),
(2056, 'Limbazu', 124),
(2057, 'Ludzas', 124),
(2058, 'Cesu', 124),
(2059, 'Jekabpils', 124),
(2060, 'Aluksnes', 124),
(2061, 'Rezeknes', 124),
(2062, 'Rigas', 124),
(2063, 'Ogres', 124),
(2064, 'Kraslavas', 124),
(2065, 'Gulbenes', 124),
(2066, 'Riga', 124),
(2067, 'Preilu', 124),
(2068, 'Aizkraukles', 124),
(2069, 'Talsu', 124),
(2070, 'Jelgavas', 124),
(2071, 'Valkas', 124),
(2072, 'Valmieras', 124),
(2073, 'Liepaja', 124),
(2074, 'Ventspils', 124),
(2075, 'Daugavpils', 124),
(2076, 'Rezekne', 124),
(2077, 'Yafran', 125),
(2078, 'Tarabulus', 125),
(2079, 'An Nuqat al Khams', 125),
(2080, 'Al Aziziyah', 125),
(2081, 'Az Zawiyah', 125),
(2082, 'Misratah', 125),
(2083, 'Gharyan', 125),
(2084, 'Tubruq', 125),
(2085, 'Tarhunah', 125),
(2087, 'Ash Shati\'', 125),
(2088, 'Ajdabiya', 125),
(2089, 'Murzuq', 125),
(2090, 'Al Jabal al Akhdar', 125),
(2093, 'Ghadamis', 125),
(2096, 'Awbari', 125),
(2097, 'Al Khums', 125),
(2099, 'Al Kufrah', 125),
(2102, 'Al Fatih', 125),
(2103, 'Banghazi', 125),
(2104, 'Zlitan', 125),
(2105, 'Al Jufrah', 125),
(2108, 'Sawfajjin', 125),
(2110, 'Darnah', 125),
(2111, 'Sabha', 125),
(2116, 'Surt', 125),
(2166, 'Gagauzia', 128),
(2175, 'Antananarivo', 129),
(2176, 'Mahajanga', 129),
(2177, 'Toliara', 129),
(2178, 'Fianarantsoa', 129),
(2179, 'Antsiranana', 129),
(2180, 'Toamasina', 129),
(2182, 'Petrovec', 131),
(2183, 'Bogovinje', 131),
(2184, 'Lozovo', 131),
(2185, 'Rostusa', 131),
(2186, 'Staro Nagoricane', 131),
(2187, 'Gevgelija', 131),
(2188, 'Srbinovo', 131),
(2189, 'Orasac', 131),
(2190, 'Valandovo', 131),
(2191, 'Ilinden', 131),
(2192, 'Ohrid', 131),
(2193, 'Sveti Nikole', 131),
(2194, 'Lipkovo', 131),
(2195, 'Zitose', 131),
(2196, 'Studenicani', 131),
(2197, 'Krivogastani', 131),
(2198, 'Radovis', 131),
(2199, 'Dobrusevo', 131),
(2200, 'Rankovce', 131),
(2201, 'Topolcani', 131),
(2202, 'Kriva Palanka', 131),
(2203, 'Zajas', 131),
(2204, 'Vitoliste', 131),
(2205, 'Debar', 131),
(2206, 'Bosilovo', 131),
(2207, 'Dzepciste', 131),
(2208, 'Vasilevo', 131),
(2209, 'Star Dojran', 131),
(2210, 'Saraj', 131),
(2211, 'Aracinovo', 131),
(2212, 'Oslomej', 131),
(2213, 'Miravci', 131),
(2214, 'Belcista', 131),
(2215, 'Karbinci', 131),
(2216, 'Krusevo', 131),
(2217, 'Kondovo', 131),
(2218, 'Resen', 131),
(2219, 'Lukovo', 131),
(2220, 'Vranestica', 131),
(2221, 'Negotino-Polosko', 131),
(2222, 'Stip', 131),
(2223, 'Sopotnica', 131),
(2224, 'Orizari', 131),
(2225, 'Veles', 131),
(2226, 'Bac', 131),
(2227, 'Zelenikovo', 131),
(2228, 'Novo Selo', 131),
(2229, 'Strumica', 131),
(2230, 'Mavrovi Anovi', 131),
(2231, 'Novaci', 131),
(2232, 'Gostivar', 131),
(2233, 'Cucer-Sandevo', 131),
(2234, 'Demir Kapija', 131),
(2235, 'Oblesevo', 131),
(2236, 'Caska', 131),
(2237, 'Murtino', 131),
(2238, 'Demir Hisar', 131),
(2239, 'Probistip', 131),
(2240, 'Makedonski Brod', 131),
(2241, 'Karpos', 131),
(2242, 'Bistrica', 131),
(2243, 'Sopiste', 131),
(2244, 'Kumanovo', 131),
(2245, 'Kavadarci', 131),
(2246, 'Prilep', 131),
(2247, 'Kocani', 131),
(2248, 'Samokov', 131),
(2249, 'Klecevce', 131),
(2250, 'Dolneni', 131),
(2251, 'Dolna Banjica', 131),
(2252, 'Vratnica', 131),
(2253, 'Mogila', 131),
(2254, 'Berovo', 131),
(2255, 'Brvenica', 131),
(2256, 'Makedonska Kamenica', 131),
(2257, 'Sipkovica', 131),
(2258, 'Delogozdi', 131),
(2259, 'Delcevo', 131),
(2260, 'Vinica', 131),
(2261, 'Bogomila', 131),
(2262, 'Bitola', 131),
(2263, 'Blatec', 131),
(2264, 'Cegrane', 131),
(2265, 'Kratovo', 131),
(2266, 'Bogdanci', 131),
(2267, 'Konopiste', 131),
(2268, 'Zelino', 131),
(2269, 'Labunista', 131),
(2270, 'Suto Orizari', 131),
(2271, 'Tearce', 131),
(2272, 'Vrutok', 131),
(2273, 'Staravina', 131),
(2274, 'Negotino', 131),
(2275, 'Drugovo', 131),
(2276, 'Zletovo', 131),
(2277, 'Pehcevo', 131),
(2278, 'Cesinovo', 131),
(2279, 'Capari', 131),
(2280, 'Kukurecani', 131),
(2281, 'Vrapciste', 131),
(2282, 'Rosoman', 131),
(2283, 'Velesta', 131),
(2284, 'Konce', 131),
(2285, 'Gradsko', 131),
(2286, 'Kosel', 131),
(2287, 'Kisela Voda', 131),
(2288, 'Jegunovce', 131),
(2289, 'Plasnica', 131),
(2290, 'Kamenjane', 131),
(2291, 'Izvor', 131),
(2292, 'Struga', 131),
(2293, 'Podares', 131),
(2294, 'Tetovo', 131),
(2295, 'Meseista', 131),
(2296, 'Vevcani', 131),
(2297, 'Zrnovci', 131),
(2298, 'Kicevo', 131),
(2299, 'Kuklis', 131),
(2300, 'Koulikoro', 132),
(2301, 'Mopti', 132),
(2302, 'Kayes', 132),
(2305, 'Tombouctou', 132),
(2306, 'Segou', 132),
(2307, 'Sikasso', 132),
(2308, 'Bamako', 132),
(2309, 'Gao', 132),
(2310, 'Kidal', 132),
(2311, 'Pegu', 133),
(2312, 'Mon State', 133),
(2313, 'Kachin State', 133),
(2314, 'Rakhine State', 133),
(2315, 'Yangon', 133),
(2316, 'Irrawaddy', 133),
(2317, 'Tenasserim', 133),
(2318, 'Karan State', 133),
(2319, 'Sagaing', 133),
(2320, 'Magwe', 133),
(2321, 'Chin State', 133),
(2322, 'Shan State', 133),
(2323, 'Mandalay', 133),
(2326, 'Kayah State', 133),
(2328, 'Dornogovi', 134),
(2329, 'Omnogovi', 134),
(2330, 'Dundgovi', 134),
(2331, 'Dzavhan', 134),
(2332, 'Tov', 134),
(2333, 'Suhbaatar', 134),
(2334, 'Bulgan', 134),
(2335, 'Arhangay', 134),
(2336, 'Govisumber', 134),
(2337, 'Hentiy', 134),
(2338, 'Bayan-Olgiy', 134),
(2339, 'Dornod', 134),
(2340, 'Hovsgol', 134),
(2341, 'Govi-Altay', 134),
(2342, 'Hovd', 134),
(2343, 'Selenge', 134),
(2344, 'Bayanhongor', 134),
(2345, 'Ulaanbaatar', 134),
(2346, 'Ovorhangay', 134),
(2347, 'Uvs', 134),
(2348, 'Darhan-Uul', 134),
(2349, 'Orhon', 134),
(2350, 'Ilhas', 135),
(2363, 'Brakna', 138),
(2364, 'Hodh Ech Chargui', 138),
(2365, 'Gorgol', 138),
(2366, 'Assaba', 138),
(2367, 'Guidimaka', 138),
(2368, 'Adrar', 138),
(2369, 'Hodh El Gharbi', 138),
(2370, 'Tiris Zemmour', 138),
(2371, 'Inchiri', 138),
(2372, 'Trarza', 138),
(2373, 'Dakhlet Nouadhibou', 138),
(2375, 'Tagant', 138),
(2376, 'Saint Anthony', 139),
(2377, 'Saint Peter', 139),
(2378, 'Saint Georges', 139),
(2380, 'Port Louis', 141),
(2381, 'Black River', 141),
(2382, 'Moka', 141),
(2383, 'Riviere du Rempart', 141),
(2384, 'Pamplemousses', 141),
(2385, 'Rodrigues', 141),
(2386, 'Grand Port', 141),
(2387, 'Flacq', 141),
(2388, 'Plaines Wilhems', 141),
(2389, 'Savanne', 141),
(2392, 'Seenu', 142),
(2393, 'Maale', 142),
(2394, 'Nkhotakota', 143),
(2395, 'Rumphi', 143),
(2396, 'Mzimba', 143),
(2397, 'Lilongwe', 143),
(2398, 'Ntchisi', 143),
(2399, 'Salima', 143),
(2400, 'Mchinji', 143),
(2401, 'Chitipa', 143),
(2402, 'Ntcheu', 143),
(2403, 'Dowa', 143),
(2404, 'Kasungu', 143),
(2405, 'Zomba', 143),
(2406, 'Nsanje', 143),
(2407, 'Chikwawa', 143),
(2408, 'Thyolo', 143),
(2409, 'Dedza', 143),
(2410, 'Balaka', 143),
(2411, 'Mangochi', 143),
(2412, 'Machinga', 143),
(2413, 'Nkhata Bay', 143),
(2414, 'Chiradzulu', 143),
(2415, 'Blantyre', 143),
(2416, 'Karonga', 143),
(2417, 'Phalombe', 143),
(2418, 'Mwanza', 143),
(2419, 'Mulanje', 143),
(2420, 'Michoacan de Ocampo', 144),
(2421, 'Chihuahua', 144),
(2422, 'Veracruz-Llave', 144),
(2423, 'Yucatan', 144),
(2424, 'Quintana Roo', 144),
(2425, 'Sonora', 144),
(2426, 'Tlaxcala', 144),
(2427, 'Chiapas', 144),
(2428, 'Coahuila de Zaragoza', 144),
(2429, 'Durango', 144),
(2430, 'Guanajuato', 144),
(2431, 'Nuevo Leon', 144),
(2432, 'Oaxaca', 144),
(2433, 'Tabasco', 144),
(2434, 'Tamaulipas', 144),
(2435, 'Guerrero', 144),
(2436, 'Baja California', 144),
(2437, 'Campeche', 144),
(2438, 'Nayarit', 144),
(2439, 'Puebla', 144),
(2440, 'Sinaloa', 144),
(2441, 'Aguascalientes', 144),
(2442, 'San Luis Potosi', 144),
(2443, 'Zacatecas', 144),
(2444, 'Mexico', 144),
(2445, 'Jalisco', 144),
(2446, 'Hidalgo', 144),
(2447, 'Morelos', 144),
(2448, 'Colima', 144),
(2449, 'Queretaro de Arteaga', 144);
INSERT INTO `intl_regions` (`id`, `name`, `country_id`) VALUES
(2450, 'Baja California Sur', 144),
(2451, 'Distrito Federal', 144),
(2452, 'Sarawak', 145),
(2453, 'Sabah', 145),
(2454, 'Melaka', 145),
(2455, 'Perlis', 145),
(2456, 'Negeri Sembilan', 145),
(2457, 'Kedah', 145),
(2458, 'Johor', 145),
(2459, 'Perak', 145),
(2460, 'Pulau Pinang', 145),
(2461, 'Terengganu', 145),
(2462, 'Kelantan', 145),
(2463, 'Pahang', 145),
(2464, 'Kuala Lumpur', 145),
(2465, 'Selangor', 145),
(2466, 'Labuan', 145),
(2467, 'Maputo', 146),
(2468, 'Nampula', 146),
(2469, 'Zambezia', 146),
(2470, 'Niassa', 146),
(2471, 'Cabo Delgado', 146),
(2472, 'Gaza', 146),
(2473, 'Inhambane', 146),
(2474, 'Manica', 146),
(2475, 'Tete', 146),
(2476, 'Sofala', 146),
(2478, 'Hardap', 147),
(2479, 'Otjozondjupa', 147),
(2481, 'Karas', 147),
(2482, 'Omusati', 147),
(2483, 'Oshana', 147),
(2484, 'Kunene', 147),
(2485, 'Erongo', 147),
(2486, 'Oshikoto', 147),
(2487, 'Omaheke', 147),
(2488, 'Caprivi', 147),
(2489, 'Okavango', 147),
(2490, 'Ohangwena', 147),
(2491, 'Windhoek', 147),
(2493, 'Niamey', 149),
(2494, 'Diffa', 149),
(2496, 'Tahoua', 149),
(2497, 'Agadez', 149),
(2498, 'Zinder', 149),
(2499, 'Dosso', 149),
(2500, 'Maradi', 149),
(2501, 'Niamey', 149),
(2504, 'Benue', 151),
(2505, 'Nassarawa', 151),
(2506, 'Kaduna', 151),
(2507, 'Oyo', 151),
(2508, 'Adamawa', 151),
(2509, 'Osun', 151),
(2510, 'Borno', 151),
(2511, 'Bauchi', 151),
(2513, 'Ogun', 151),
(2514, 'Anambra', 151),
(2515, 'Yobe', 151),
(2516, 'Lagos', 151),
(2517, 'Delta', 151),
(2518, 'Enugu', 151),
(2519, 'Federal Capital Territory', 151),
(2520, 'Kogi', 151),
(2521, 'Taraba', 151),
(2522, 'Akwa Ibom', 151),
(2523, 'Ebonyi', 151),
(2525, 'Imo', 151),
(2526, 'Jigawa', 151),
(2528, 'Kwara', 151),
(2529, 'Abia', 151),
(2530, 'Gombe', 151),
(2531, 'Cross River', 151),
(2532, 'Katsina', 151),
(2533, 'Sokoto', 151),
(2534, 'Niger', 151),
(2535, 'Zamfara', 151),
(2536, 'Edo', 151),
(2538, 'Kano', 151),
(2539, 'Kebbi', 151),
(2540, 'Ekiti', 151),
(2541, 'Bayelsa', 151),
(2542, 'Plateau', 151),
(2543, 'Ondo', 151),
(2544, 'Rivers', 151),
(2547, 'Leon', 152),
(2548, 'Chontales', 152),
(2549, 'Managua', 152),
(2550, 'Autonoma Atlantico Norte', 152),
(2551, 'Granada', 152),
(2552, 'Matagalpa', 152),
(2553, 'Boaco', 152),
(2554, 'Carazo', 152),
(2555, 'Chinandega', 152),
(2556, 'Rio San Juan', 152),
(2557, 'Rivas', 152),
(2558, 'Masaya', 152),
(2559, 'Jinotega', 152),
(2560, 'Nueva Segovia', 152),
(2561, 'Region Autonoma Atlantico Sur', 152),
(2562, 'Madriz', 152),
(2563, 'Esteli', 152),
(2564, 'Drenthe', 153),
(2565, 'Zuid-Holland', 153),
(2566, 'Overijssel', 153),
(2567, 'Noord-Holland', 153),
(2568, 'Zeeland', 153),
(2569, 'Limburg', 153),
(2570, 'Noord-Brabant', 153),
(2571, 'Gelderland', 153),
(2572, 'Friesland', 153),
(2573, 'Groningen', 153),
(2574, 'Utrecht', 153),
(2575, 'Flevoland', 153),
(2576, 'Nordland', 154),
(2577, 'Sor-Trondelag', 154),
(2578, 'Troms', 154),
(2579, 'Vestfold', 154),
(2580, 'Hedmark', 154),
(2581, 'Hordaland', 154),
(2582, 'Vest-Agder', 154),
(2583, 'More og Romsdal', 154),
(2584, 'Telemark', 154),
(2585, 'Buskerud', 154),
(2586, 'Rogaland', 154),
(2587, 'Aust-Agder', 154),
(2588, 'Oppland', 154),
(2589, 'Sogn og Fjordane', 154),
(2590, 'Akershus', 154),
(2591, 'Nord-Trondelag', 154),
(2592, 'Ostfold', 154),
(2593, 'Finnmark', 154),
(2594, 'Oslo', 154),
(2598, 'Wellington', 158),
(2599, 'West Coast', 158),
(2600, 'Canterbury', 158),
(2601, 'Otago', 158),
(2602, 'Auckland', 158),
(2603, 'Gisborne', 158),
(2604, 'Hawke\'s Bay', 158),
(2605, 'Taranaki', 158),
(2606, 'Marlborough', 158),
(2607, 'Nelson', 158),
(2608, 'Waikato', 158),
(2609, 'Southland', 158),
(2611, 'Bay of Plenty', 158),
(2613, 'Manawatu-Wanganui', 158),
(2614, 'Al Batinah', 159),
(2615, 'Az Zahirah', 159),
(2616, 'Ash Sharqiyah', 159),
(2617, 'Masqat', 159),
(2618, 'Musandam', 159),
(2619, 'Zufar', 159),
(2621, 'Los Santos', 160),
(2622, 'Darien', 160),
(2623, 'Chiriqui', 160),
(2624, 'Colon', 160),
(2625, 'Veraguas', 160),
(2626, 'San Blas', 160),
(2627, 'Bocas del Toro', 160),
(2628, 'Herrera', 160),
(2629, 'Panama', 160),
(2630, 'Cocle', 160),
(2631, 'Ancash', 161),
(2632, 'Apurimac', 161),
(2633, 'Arequipa', 161),
(2634, 'Ica', 161),
(2635, 'Cusco', 161),
(2636, 'Lambayeque', 161),
(2637, 'Ucayali', 161),
(2638, 'La Libertad', 161),
(2639, 'Ayacucho', 161),
(2640, 'Lima', 161),
(2641, 'Puno', 161),
(2642, 'Junin', 161),
(2643, 'Tumbes', 161),
(2644, 'Tacna', 161),
(2645, 'Cajamarca', 161),
(2646, 'Huancavelica', 161),
(2647, 'Moquegua', 161),
(2648, 'Amazonas', 161),
(2649, 'Huanuco', 161),
(2650, 'San Martin', 161),
(2651, 'Piura', 161),
(2652, 'Loreto', 161),
(2653, 'Pasco', 161),
(2654, 'Madre de Dios', 161),
(2655, 'Callao', 161),
(2657, 'Eastern Highlands', 163),
(2658, 'Madang', 163),
(2659, 'Milne Bay', 163),
(2660, 'Western', 163),
(2661, 'Central', 163),
(2662, 'Sandaun', 163),
(2663, 'East Sepik', 163),
(2664, 'West New Britain', 163),
(2665, 'Southern Highlands', 163),
(2666, 'Northern', 163),
(2667, 'Gulf', 163),
(2668, 'Western Highlands', 163),
(2669, 'Morobe', 163),
(2670, 'Chimbu', 163),
(2671, 'East New Britain', 163),
(2672, 'North Solomons', 163),
(2673, 'Enga', 163),
(2674, 'Manus', 163),
(2675, 'New Ireland', 163),
(2676, 'National Capital', 163),
(2818, 'Punjab', 165),
(2819, 'Sindh', 165),
(2820, 'Balochistan', 165),
(2821, 'North-West Frontier', 165),
(2822, 'Northern Areas', 165),
(2823, 'Federally Administered Tribal Areas', 165),
(2824, 'Azad Kashmir', 165),
(2825, 'Islamabad', 165),
(2833, 'Zachodniopomorskie', 166),
(2835, 'Swietokrzyskie', 166),
(2864, 'Lodzkie', 166),
(2866, 'Warminsko-Mazurskie', 166),
(2872, 'Malopolskie', 166),
(2874, 'Mazowieckie', 166),
(2876, 'Podlaskie', 166),
(2880, 'Podkarpackie', 166),
(2881, 'Lubuskie', 166),
(2882, 'Dolnoslaskie', 166),
(2883, 'Lubelskie', 166),
(2884, 'Pomorskie', 166),
(2885, 'Kujawsko-Pomorskie', 166),
(2886, 'Wielkopolskie', 166),
(2887, 'Slaskie', 166),
(2888, 'Opolskie', 166),
(2893, 'Braga', 170),
(2894, 'Vila Real', 170),
(2895, 'Santarem', 170),
(2896, 'Leiria', 170),
(2897, 'Lisboa', 170),
(2898, 'Braganca', 170),
(2899, 'Viana do Castelo', 170),
(2900, 'Portalegre', 170),
(2901, 'Setubal', 170),
(2902, 'Azores', 170),
(2903, 'Viseu', 170),
(2904, 'Porto', 170),
(2905, 'Aveiro', 170),
(2906, 'Castelo Branco', 170),
(2907, 'Faro', 170),
(2908, 'Coimbra', 170),
(2909, 'Madeira', 170),
(2910, 'Beja', 170),
(2911, 'Guarda', 170),
(2912, 'Evora', 170),
(2914, 'Cordillera', 172),
(2915, 'Alto Parana', 172),
(2916, 'Caazapa', 172),
(2917, 'Boqueron', 172),
(2918, 'Paraguari', 172),
(2919, 'Amambay', 172),
(2920, 'Alto Paraguay', 172),
(2921, 'Canindeyu', 172),
(2922, 'Concepcion', 172),
(2923, 'Misiones', 172),
(2924, 'Caaguazu', 172),
(2925, 'Neembucu', 172),
(2926, 'Itapua', 172),
(2927, 'Central', 172),
(2928, 'San Pedro', 172),
(2929, 'Presidente Hayes', 172),
(2930, 'Guaira', 172),
(2931, 'Madinat ach Shamal', 173),
(2932, 'Ad Dawhah', 173),
(2933, 'Umm Salal', 173),
(2934, 'Al Khawr', 173),
(2935, 'Al Jumaliyah', 173),
(2936, 'Al Wakrah Municipality', 173),
(2938, 'Ilfov', 175),
(2939, 'Giurgiu', 175),
(2940, 'Bihor', 175),
(2941, 'Caras-Severin', 175),
(2942, 'Mehedinti', 175),
(2943, 'Vaslui', 175),
(2944, 'Tulcea', 175),
(2945, 'Constanta', 175),
(2946, 'Mures', 175),
(2947, 'Harghita', 175),
(2948, 'Alba', 175),
(2949, 'Arad', 175),
(2950, 'Hunedoara', 175),
(2951, 'Satu Mare', 175),
(2952, 'Sibiu', 175),
(2953, 'Maramures', 175),
(2954, 'Brasov', 175),
(2955, 'Cluj', 175),
(2956, 'Teleorman', 175),
(2957, 'Dambovita', 175),
(2958, 'Dolj', 175),
(2959, 'Suceava', 175),
(2960, 'Botosani', 175),
(2961, 'Iasi', 175),
(2962, 'Arges', 175),
(2963, 'Buzau', 175),
(2964, 'Timis', 175),
(2965, 'Neamt', 175),
(2966, 'Bacau', 175),
(2967, 'Braila', 175),
(2968, 'Salaj', 175),
(2969, 'Covasna', 175),
(2970, 'Bistrita-Nasaud', 175),
(2971, 'Calarasi', 175),
(2972, 'Gorj', 175),
(2973, 'Ialomita', 175),
(2974, 'Olt', 175),
(2975, 'Valcea', 175),
(2976, 'Prahova', 175),
(2977, 'Vrancea', 175),
(2978, 'Bucuresti', 175),
(2979, 'Galati', 175),
(2983, 'Moskva', 176),
(2984, 'Karelia', 176),
(2985, 'Sakha', 176),
(2987, 'Altaisky krai', 176),
(2988, 'Ivanovo', 176),
(2989, 'Kostroma', 176),
(2990, 'Nizhegorod', 176),
(2991, 'Tver\'', 176),
(2992, 'Vladimir', 176),
(2993, 'Perm\'', 176),
(2994, 'Adygeya', 176),
(2995, 'Chita', 176),
(2996, 'Taymyr', 176),
(2997, 'Kemerovo', 176),
(2998, 'Udmurt', 176),
(2999, 'Khakass', 176),
(3000, 'Vologda', 176),
(3001, 'Omsk', 176),
(3002, 'Orenburg', 176),
(3003, 'Irkutsk', 176),
(3004, 'Krasnoyarsk', 176),
(3005, 'Sverdlovsk', 176),
(3006, 'Tambovskaya oblast', 176),
(3007, 'Arkhangel\'sk', 176),
(3008, 'Novosibirsk', 176),
(3009, 'Ryazan\'', 176),
(3010, 'Tula', 176),
(3011, 'Rostov', 176),
(3012, 'Yaroslavl\'', 176),
(3013, 'Tatarstan', 176),
(3014, 'Tyumen\'', 176),
(3015, 'Penza', 176),
(3016, 'Saratov', 176),
(3017, 'Chuvashia', 176),
(3018, 'Komi', 176),
(3019, 'Bryansk', 176),
(3020, 'Samara', 176),
(3022, 'Mariy-El', 176),
(3023, 'Leningrad', 176),
(3024, 'Kirov', 176),
(3025, 'Gorno-Altay', 176),
(3026, 'Dagestan', 176),
(3027, 'Kabardin-Balkar', 176),
(3028, 'Amur', 176),
(3029, 'North Ossetia', 176),
(3030, 'Karachay-Cherkess', 176),
(3031, 'Krasnodar', 176),
(3032, 'Lipetsk', 176),
(3033, 'Smolensk', 176),
(3034, 'Kaliningrad', 176),
(3035, 'Bashkortostan', 176),
(3036, 'Chelyabinsk', 176),
(3037, 'Ul\'yanovsk', 176),
(3038, 'Stavropol\'', 176),
(3039, 'Kurgan', 176),
(3040, 'Astrakhan\'', 176),
(3041, 'Volgograd', 176),
(3042, 'Kalmyk', 176),
(3043, 'Kaluga', 176),
(3044, 'Magadan', 176),
(3045, 'Pskov', 176),
(3046, 'Orel', 176),
(3047, 'Primor\'ye', 176),
(3048, 'Belgorod', 176),
(3049, 'Buryat', 176),
(3050, 'Tomsk', 176),
(3051, 'Murmansk', 176),
(3053, 'Sakhalin', 176),
(3054, 'Voronezh', 176),
(3055, 'Novgorod', 176),
(3056, 'Mordovia', 176),
(3057, 'Kamchatka', 176),
(3058, 'Khabarovsk', 176),
(3059, 'Koryak', 176),
(3060, 'Chukot', 176),
(3061, 'Khanty-Mansiy', 176),
(3062, 'Kursk', 176),
(3063, 'Aginsky Buryatsky AO', 176),
(3064, 'Tuva', 176),
(3065, 'Nenets', 176),
(3066, 'Evenk', 176),
(3067, 'Yevrey', 176),
(3069, 'Yamal-Nenets', 176),
(3070, 'Saint Petersburg City', 176),
(3071, 'Moscow City', 176),
(3072, 'Kigali', 177),
(3073, 'Butare', 177),
(3077, 'Kibungo', 177),
(3080, 'Gitarama', 177),
(3082, 'Makkah', 178),
(3083, 'Ar Riyad', 178),
(3084, 'Ha\'il', 178),
(3085, 'Al Hudud ash Shamaliyah', 178),
(3086, 'Jizan', 178),
(3087, 'Ash Sharqiyah', 178),
(3088, 'Al Madinah', 178),
(3089, 'Al Qasim', 178),
(3090, 'Al Bahah', 178),
(3091, 'Tabuk', 178),
(3092, 'Al Jawf', 178),
(3094, 'Makira', 179),
(3096, 'Beau Vallon', 180),
(3098, 'Bahr al Ghazal', 181),
(3100, 'River Nile', 181),
(3101, 'Darfur', 181),
(3102, 'Kurdufan', 181),
(3103, 'Al Wusta', 181),
(3104, 'Ash Shamaliyah', 181),
(3105, 'Ash Sharqiyah', 181),
(3106, 'Al Istiwa\'iyah', 181),
(3110, 'Al Khartum', 181),
(3113, 'Northern Darfur', 181),
(3119, 'Central Equatoria State', 181),
(3120, 'Al Wahadah State', 181),
(3121, 'Kassala', 181),
(3124, 'Southern Kordofan', 181),
(3126, 'Upper Nile', 181),
(3127, 'Southern Darfur', 181),
(3133, 'Vasternorrlands Lan', 182),
(3134, 'Vastra Gotaland', 182),
(3135, 'Norrbottens Lan', 182),
(3136, 'Vasterbottens Lan', 182),
(3137, 'Skane Lan', 182),
(3138, 'Kalmar Lan', 182),
(3139, 'Jamtlands Lan', 182),
(3140, 'Kronobergs Lan', 182),
(3141, 'Ostergotlands Lan', 182),
(3142, 'Stockholms Lan', 182),
(3143, 'Dalarnas Lan', 182),
(3144, 'Blekinge Lan', 182),
(3145, 'Gavleborgs Lan', 182),
(3146, 'Sodermanlands Lan', 182),
(3147, 'Vastmanlands Lan', 182),
(3148, 'Varmlands Lan', 182),
(3149, 'Hallands Lan', 182),
(3150, 'Orebro Lan', 182),
(3151, 'Uppsala Lan', 182),
(3152, 'Jonkopings Lan', 182),
(3153, 'Gotlands Lan', 182),
(3156, 'Bohinj Commune', 185),
(3157, 'Brezovica Commune', 185),
(3160, 'Kosice', 187),
(3161, 'Banska Bystrica', 187),
(3162, 'Nitra', 187),
(3163, 'Trnava', 187),
(3164, 'Presov', 187),
(3165, 'Zilina', 187),
(3166, 'Bratislava', 187),
(3167, 'Trencin', 187),
(3169, 'Western Area', 188),
(3170, 'Northern', 188),
(3171, 'Eastern', 188),
(3172, 'Southern', 188),
(3173, 'Acquaviva', 189),
(3174, 'Chiesanuova', 189),
(3175, 'San Marino', 189),
(3176, 'Serravalle', 189),
(3177, 'Dakar', 190),
(3179, 'Diourbel', 190),
(3181, 'Kolda', 190),
(3182, 'Ziguinchor', 190),
(3183, 'Thies', 190),
(3184, 'Fatick', 190),
(3185, 'Kaolack', 190),
(3186, 'Tambacounda', 190),
(3187, 'Louga', 190),
(3188, 'Matam', 190),
(3189, 'Saint-Louis', 190),
(3191, 'Bay', 191),
(3192, 'Shabeellaha Hoose', 191),
(3193, 'Bakool', 191),
(3194, 'Hiiraan', 191),
(3195, 'Gedo', 191),
(3196, 'Bari', 191),
(3197, 'Galguduud', 191),
(3198, 'Mudug', 191),
(3199, 'Woqooyi Galbeed', 191),
(3200, 'Jubbada Dhexe', 191),
(3201, 'Shabeellaha Dhexe', 191),
(3202, 'Jubbada Hoose', 191),
(3204, 'Nugaal', 191),
(3205, 'Sanaag', 191),
(3206, 'Banaadir', 191),
(3208, 'Brokopondo', 192),
(3209, 'Sipaliwini', 192),
(3210, 'Marowijne', 192),
(3211, 'Para', 192),
(3212, 'Commewijne', 192),
(3213, 'Saramacca', 192),
(3214, 'Nickerie', 192),
(3215, 'Coronie', 192),
(3216, 'Wanica', 192),
(3217, 'Paramaribo', 192),
(3218, 'Sao Tome', 193),
(3219, 'Principe', 193),
(3220, 'Sonsonate', 194),
(3221, 'Morazan', 194),
(3222, 'San Vicente', 194),
(3223, 'La Union', 194),
(3224, 'San Salvador', 194),
(3225, 'Chalatenango', 194),
(3226, 'La Libertad', 194),
(3227, 'Cabanas', 194),
(3228, 'Cuscatlan', 194),
(3229, 'Usulutan', 194),
(3230, 'Ahuachapan', 194),
(3231, 'Santa Ana', 194),
(3232, 'San Miguel', 194),
(3233, 'La Paz', 194),
(3234, 'Al Hasakah', 195),
(3235, 'Ar Raqqah', 195),
(3236, 'Tartus', 195),
(3237, 'Rif Dimashq', 195),
(3238, 'Hims', 195),
(3239, 'Idlib', 195),
(3240, 'Hamah', 195),
(3241, 'Halab', 195),
(3242, 'Al Qunaytirah', 195),
(3243, 'Dar', 195),
(3244, 'As Suwayda\'', 195),
(3245, 'Al Ladhiqiyah', 195),
(3246, 'Dayr az Zawr', 195),
(3247, 'Dimashq', 195),
(3248, 'Lubombo', 196),
(3249, 'Hhohho', 196),
(3250, 'Manzini', 196),
(3251, 'Shiselweni', 196),
(3253, 'Ouaddai', 198),
(3254, 'Biltine', 198),
(3255, 'Batha', 198),
(3256, 'Mayo-Kebbi', 198),
(3257, 'Chari-Baguirmi', 198),
(3258, 'Guera', 198),
(3259, 'Salamat', 198),
(3260, 'Kanem', 198),
(3261, 'Logone Occidental', 198),
(3262, 'Lac', 198),
(3263, 'Borkou-Ennedi-Tibesti', 198),
(3264, 'Tandjile', 198),
(3265, 'Moyen-Chari', 198),
(3266, 'Logone Oriental', 198),
(3268, 'Plateaux', 200),
(3281, 'Kara', 200),
(3289, 'Savanes', 200),
(3290, 'Centrale', 200),
(3292, 'Maritime', 200),
(3293, 'Trat', 201),
(3294, 'Chiang Mai', 201),
(3295, 'Nan', 201),
(3296, 'Prachin Buri', 201),
(3297, 'Krabi', 201),
(3298, 'Sakon Nakhon', 201),
(3299, 'Nakhon Phanom', 201),
(3300, 'Amnat Charoen', 201),
(3301, 'Samut Songkhram', 201),
(3302, 'Nakhon Sawan', 201),
(3303, 'Kanchanaburi', 201),
(3304, 'Ubon Ratchathani', 201),
(3305, 'Chumphon', 201),
(3306, 'Chachoengsao', 201),
(3307, 'Sa Kaeo', 201),
(3308, 'Roi Et', 201),
(3309, 'Narathiwat', 201),
(3310, 'Pattani', 201),
(3311, 'Chaiyaphum', 201),
(3312, 'Kalasin', 201),
(3313, 'Chon Buri', 201),
(3314, 'Sukhothai', 201),
(3315, 'Surat Thani', 201),
(3317, 'Phra Nakhon Si Ayutthaya', 201),
(3318, 'Nonthaburi', 201),
(3319, 'Samut Prakan', 201),
(3320, 'Ang Thong', 201),
(3321, 'Krung Thep', 201),
(3322, 'Phitsanulok', 201),
(3323, 'Nakhon Pathom', 201),
(3324, 'Phichit', 201),
(3325, 'Ratchaburi', 201),
(3326, 'Suphan Buri', 201),
(3327, 'Sing Buri', 201),
(3328, 'Prachuap Khiri Khan', 201),
(3329, 'Lamphun', 201),
(3330, 'Rayong', 201),
(3331, 'Ubon Ratchathani', 201),
(3332, 'Chai Nat', 201),
(3333, 'Buriram', 201),
(3334, 'Phetchaburi', 201),
(3335, 'Tak', 201),
(3336, 'Phayao', 201),
(3337, 'Lop Buri', 201),
(3338, 'Saraburi', 201),
(3339, 'Nakhon Nayok', 201),
(3340, 'Yala', 201),
(3341, 'Nakhon Ratchasima', 201),
(3342, 'Samut Sakhon', 201),
(3343, 'Khon Kaen', 201),
(3344, 'Uthai Thani', 201),
(3345, 'Nong Khai', 201),
(3346, 'Maha Sarakham', 201),
(3347, 'Lampang', 201),
(3348, 'Songkhla', 201),
(3349, 'Nakhon Si Thammarat', 201),
(3350, 'Loei', 201),
(3351, 'Chiang Rai', 201),
(3352, 'Surin', 201),
(3353, 'Phetchabun', 201),
(3354, 'Phrae', 201),
(3355, 'Phangnga', 201),
(3356, 'Uttaradit', 201),
(3357, 'Sisaket', 201),
(3358, 'Trang', 201),
(3359, 'Kamphaeng Phet', 201),
(3360, 'Phuket', 201),
(3361, 'Mukdahan', 201),
(3362, 'Yasothon', 201),
(3363, 'Phatthalung', 201),
(3364, 'Pathum Thani', 201),
(3365, 'Chanthaburi', 201),
(3366, 'Mae Hong Son', 201),
(3367, 'Ranong', 201),
(3368, 'Udon Thani', 201),
(3369, 'Satun', 201),
(3370, 'Nong Bua Lamphu', 201),
(3371, 'Nakhon Phanom', 201),
(3372, 'Khatlon', 202),
(3373, 'Sughd', 202),
(3374, 'Kuhistoni Badakhshon', 202),
(3376, 'Lebap', 204),
(3377, 'Balkan', 204),
(3378, 'Ahal', 204),
(3380, 'Mary', 204),
(3381, 'Dashoguz', 204),
(3382, 'Madanin', 205),
(3383, 'El Kef', 205),
(3384, 'Tozeur', 205),
(3385, 'Sousse', 205),
(3386, 'Gabes', 205),
(3387, 'Sfax', 205),
(3388, 'Bizerte', 205),
(3389, 'Al Munastir', 205),
(3390, 'Nabeul', 205),
(3391, 'Kasserine', 205),
(3392, 'Tataouine', 205),
(3393, 'Sidi Bou Zid', 205),
(3394, 'Al Mahdia', 205),
(3395, 'Jendouba', 205),
(3396, 'Ben Arous', 205),
(3397, 'Kairouan', 205),
(3398, 'Zaghouan', 205),
(3399, 'Kebili', 205),
(3400, 'Bajah', 205),
(3402, 'Siliana', 205),
(3404, 'Tunis', 205),
(3405, 'Tongatapu', 206),
(3406, 'Ha', 206),
(3407, 'Vava', 206),
(3408, 'Amasya', 207),
(3409, 'Hatay', 207),
(3410, 'Diyarbakir', 207),
(3411, 'Adana', 207),
(3412, 'Bolu', 207),
(3413, 'Ankara', 207),
(3414, 'Konya', 207),
(3415, 'Bilecik', 207),
(3416, 'Izmir', 207),
(3417, 'Tokat', 207),
(3418, 'Edirne', 207),
(3419, 'Kirsehir', 207),
(3420, 'Van', 207),
(3421, 'Kastamonu', 207),
(3422, 'Sivas', 207),
(3423, 'Denizli', 207),
(3424, 'Kutahya', 207),
(3425, 'Bingol', 207),
(3426, 'Kahramanmaras', 207),
(3427, 'Sanliurfa', 207),
(3428, 'Agri', 207),
(3429, 'Eskisehir', 207),
(3430, 'Malatya', 207),
(3431, 'Adiyaman', 207),
(3432, 'Giresun', 207),
(3433, 'Mus', 207),
(3434, 'Corum', 207),
(3435, 'Erzurum', 207),
(3436, 'Mersin', 207),
(3437, 'Aydin', 207),
(3438, 'Nevsehir', 207),
(3439, 'Manisa', 207),
(3440, 'Canakkale', 207),
(3441, 'Ordu', 207),
(3442, 'Yozgat', 207),
(3443, 'Tunceli', 207),
(3444, 'Mardin', 207),
(3445, 'Sinop', 207),
(3446, 'Antalya', 207),
(3447, 'Erzincan', 207),
(3448, 'Artvin', 207),
(3449, 'Sakarya', 207),
(3450, 'Afyonkarahisar', 207),
(3451, 'Bursa', 207),
(3452, 'Trabzon', 207),
(3453, 'Tekirdag', 207),
(3454, 'Kilis', 207),
(3455, 'Gaziantep', 207),
(3456, 'Sirnak', 207),
(3457, 'Balikesir', 207),
(3458, 'Elazig', 207),
(3459, 'Ardahan', 207),
(3460, 'Batman', 207),
(3461, 'Kayseri', 207),
(3462, 'Kocaeli', 207),
(3463, 'Samsun', 207),
(3464, 'Isparta', 207),
(3465, 'Mugla', 207),
(3466, 'Bitlis', 207),
(3467, 'Rize', 207),
(3468, 'Hakkari', 207),
(3469, 'Istanbul', 207),
(3470, 'Karaman', 207),
(3471, 'Igdir', 207),
(3472, 'Nigde', 207),
(3473, 'Usak', 207),
(3474, 'Siirt', 207),
(3475, 'Kirklareli', 207),
(3476, 'Burdur', 207),
(3477, 'Gumushane', 207),
(3478, 'Osmaniye', 207),
(3479, 'Yalova', 207),
(3480, 'Kars', 207),
(3481, 'Tobago', 208),
(3482, 'Caroni', 208),
(3483, 'Saint David', 208),
(3484, 'Arima', 208),
(3485, 'Saint George', 208),
(3486, 'Saint Patrick', 208),
(3487, 'Victoria', 208),
(3488, 'Nariva', 208),
(3489, 'Port-of-Spain', 208),
(3490, 'Saint Andrew', 208),
(3491, 'Mayaro', 208),
(3492, 'San Fernando', 208),
(3494, 'T\'ai-wan', 210),
(3495, 'T\'ai-pei', 210),
(3496, 'Fu-chien', 210),
(3497, 'Kao-hsiung', 210),
(3499, 'Tabora', 211),
(3500, 'Manyara', 211),
(3501, 'Mtwara', 211),
(3502, 'Lindi', 211),
(3503, 'Ruvuma', 211),
(3504, 'Iringa', 211),
(3505, 'Tanga', 211),
(3506, 'Pemba South', 211),
(3507, 'Kagera', 211),
(3508, 'Arusha', 211),
(3509, 'Mwanza', 211),
(3510, 'Kilimanjaro', 211),
(3511, 'Pwani', 211),
(3512, 'Zanzibar Central', 211),
(3513, 'Dodoma', 211),
(3514, 'Shinyanga', 211),
(3515, 'Zanzibar Urban', 211),
(3516, 'Pemba North', 211),
(3517, 'Mara', 211),
(3518, 'Dar es Salaam', 211),
(3519, 'Zanzibar North', 211),
(3520, 'Mbeya', 211),
(3521, 'Singida', 211),
(3522, 'Kigoma', 211),
(3523, 'Morogoro', 211),
(3524, 'Rukwa', 211),
(3525, 'Krym', 212),
(3526, 'Odes\'ka Oblast\'', 212),
(3527, 'Kharkivs\'ka Oblast\'', 212),
(3528, 'Poltavs\'ka Oblast\'', 212),
(3529, 'Kyyivs\'ka Oblast\'', 212),
(3530, 'Zakarpats\'ka Oblast\'', 212),
(3531, 'Sums\'ka Oblast\'', 212),
(3532, 'Donets\'ka Oblast\'', 212),
(3533, 'Khersons\'ka Oblast\'', 212),
(3534, 'L\'vivs\'ka Oblast\'', 212),
(3535, 'Cherkas\'ka Oblast\'', 212),
(3536, 'Vinnyts\'ka Oblast\'', 212),
(3537, 'Rivnens\'ka Oblast\'', 212),
(3538, 'Khmel\'nyts\'ka Oblast\'', 212),
(3539, 'Chernihivs\'ka Oblast\'', 212),
(3540, 'Dnipropetrovs\'ka Oblast\'', 212),
(3541, 'Mykolayivs\'ka Oblast\'', 212),
(3542, 'Ternopil\'s\'ka Oblast\'', 212),
(3543, 'Zhytomyrs\'ka Oblast\'', 212),
(3544, 'Chernivets\'ka Oblast\'', 212),
(3545, 'Luhans\'ka Oblast\'', 212),
(3546, 'Sevastopol\'', 212),
(3547, 'Kirovohrads\'ka Oblast\'', 212),
(3548, 'Ivano-Frankivs\'ka Oblast\'', 212),
(3549, 'Zaporiz\'ka Oblast\'', 212),
(3550, 'Volyns\'ka Oblast\'', 212),
(3552, 'Nebbi', 213),
(3553, 'Katakwi', 213),
(3554, 'Lira', 213),
(3555, 'Apac', 213),
(3556, 'Kaberamaido', 213),
(3557, 'Arua', 213),
(3558, 'Soroti', 213),
(3559, 'Tororo', 213),
(3560, 'Gulu', 213),
(3561, 'Pallisa', 213),
(3562, 'Pader', 213),
(3563, 'Kumi', 213),
(3564, 'Adjumani', 213),
(3565, 'Kotido', 213),
(3566, 'Kitgum', 213),
(3567, 'Masindi', 213),
(3568, 'Mbarara', 213),
(3570, 'Bundibugyo', 213),
(3571, 'Nakapiripirit', 213),
(3572, 'Moroto', 213),
(3573, 'Moyo', 213),
(3574, 'Mbale', 213),
(3575, 'Yumbe', 213),
(3576, 'Kapchorwa', 213),
(3577, 'Nakasongola', 213),
(3578, 'Mubende', 213),
(3579, 'Kisoro', 213),
(3580, 'Iganga', 213),
(3581, 'Kayunga', 213),
(3582, 'Mukono', 213),
(3583, 'Mpigi', 213),
(3584, 'Kamuli', 213),
(3585, 'Luwero', 213),
(3586, 'Masaka', 213),
(3587, 'Rakai', 213),
(3588, 'Kalangala', 213),
(3589, 'Kibale', 213),
(3590, 'Bugiri', 213),
(3591, 'Wakiso', 213),
(3592, 'Kiboga', 213),
(3593, 'Kampala', 213),
(3594, 'Mayuge', 213),
(3595, 'Kyenjojo', 213),
(3596, 'Rukungiri', 213),
(3597, 'Bushenyi', 213),
(3598, 'Hoima', 213),
(3599, 'Kamwenge', 213),
(3600, 'Kabarole', 213),
(3601, 'Sironko', 213),
(3602, 'Kasese', 213),
(3603, 'Sembabule', 213),
(3605, 'Jinja', 213),
(3606, 'Busia', 213),
(3607, 'Ntungamo', 213),
(3608, 'Kanungu', 213),
(3610, 'Alabama', 230),
(3611, 'Alaska', 230),
(3612, 'American Samoa', 230),
(3613, 'Arizona', 230),
(3614, 'Arkansas', 230),
(3615, 'California', 230),
(3616, 'Colorado', 230),
(3617, 'Connecticut', 230),
(3618, 'Delaware', 230),
(3619, 'District of Columbia', 230),
(3620, 'Florida', 230),
(3621, 'Georgia', 230),
(3622, 'Guam', 230),
(3623, 'Hawaii', 230),
(3624, 'Idaho', 230),
(3625, 'Illinois', 230),
(3626, 'Indiana', 230),
(3627, 'Iowa', 230),
(3628, 'Kansas', 230),
(3629, 'Kentucky', 230),
(3630, 'Louisiana', 230),
(3631, 'Maine', 230),
(3632, 'Marshall Islands', 230),
(3633, 'Maryland', 230),
(3634, 'Massachusetts', 230),
(3635, 'Michigan', 230),
(3636, 'Federated States of Micronesia', 230),
(3637, 'Minnesota', 230),
(3638, 'Mississippi', 230),
(3639, 'Missouri', 230),
(3640, 'Montana', 230),
(3641, 'Nebraska', 230),
(3642, 'Nevada', 230),
(3643, 'New Hampshire', 230),
(3644, 'New Jersey', 230),
(3645, 'New Mexico', 230),
(3646, 'New York', 230),
(3647, 'North Carolina', 230),
(3648, 'North Dakota', 230),
(3649, 'Northern Mariana Islands', 230),
(3650, 'Ohio', 230),
(3651, 'Oklahoma', 230),
(3652, 'Oregon', 230),
(3653, 'Palau', 230),
(3654, 'Pennsylvania', 230),
(3655, 'Puerto Rico', 230),
(3656, 'Rhode Island', 230),
(3657, 'South Carolina', 230),
(3658, 'South Dakota', 230),
(3659, 'Tennessee', 230),
(3660, 'Texas', 230),
(3661, 'Utah', 230),
(3662, 'Vermont', 230),
(3663, 'Virgin Islands', 230),
(3664, 'Virginia', 230),
(3665, 'Washington', 230),
(3666, 'West Virginia', 230),
(3667, 'Wisconsin', 230),
(3668, 'Wyoming', 230),
(3669, 'Rocha', 214),
(3670, 'Florida', 214),
(3671, 'Montevideo', 214),
(3672, 'Rivera', 214),
(3673, 'Cerro Largo', 214),
(3674, 'Tacuarembo', 214),
(3675, 'Lavalleja', 214),
(3676, 'Treinta y Tres', 214),
(3677, 'Soriano', 214),
(3678, 'Durazno', 214),
(3679, 'Canelones', 214),
(3680, 'Flores', 214),
(3681, 'Maldonado', 214),
(3682, 'Salto', 214),
(3683, 'Rio Negro', 214),
(3684, 'Artigas', 214),
(3685, 'Paysandu', 214),
(3686, 'Colonia', 214),
(3687, 'San Jose', 214),
(3688, 'Khorazm', 215),
(3689, 'Qashqadaryo', 215),
(3690, 'Samarqand', 215),
(3691, 'Andijon', 215),
(3692, 'Jizzax', 215),
(3693, 'Toshkent', 215),
(3694, 'Surkhondaryo', 215),
(3695, 'Qoraqalpoghiston', 215),
(3696, 'Nawoiy', 215),
(3698, 'Namangan', 215),
(3699, 'Farghona', 215),
(3700, 'Bukhoro', 215),
(3701, 'Toshkent', 215),
(3703, 'Charlotte', 216),
(3704, 'Saint George', 216),
(3705, 'Grenadines', 216),
(3706, 'Saint Patrick', 216),
(3707, 'Saint Andrew', 216),
(3708, 'Saint David', 216),
(3709, 'Falcon', 217),
(3710, 'Apure', 217),
(3711, 'Bolivar', 217),
(3712, 'Tachira', 217),
(3713, 'Miranda', 217),
(3714, 'Guarico', 217),
(3715, 'Anzoategui', 217),
(3716, 'Nueva Esparta', 217),
(3717, 'Portuguesa', 217),
(3718, 'Sucre', 217),
(3719, 'Barinas', 217),
(3720, 'Lara', 217),
(3721, 'Zulia', 217),
(3722, 'Merida', 217),
(3723, 'Carabobo', 217),
(3724, 'Cojedes', 217),
(3725, 'Aragua', 217),
(3726, 'Yaracuy', 217),
(3727, 'Amazonas', 217),
(3728, 'Monagas', 217),
(3729, 'Trujillo', 217),
(3730, 'Vargas', 217),
(3732, 'Delta Amacuro', 217),
(3733, 'Distrito Federal', 217),
(3734, 'Dependencias Federales', 217),
(3742, 'Thanh Hoa', 220),
(3745, 'Quang Nam', 220),
(3746, 'Son La', 220),
(3751, 'Tay Ninh', 220),
(3753, 'Thai Binh', 220),
(3754, 'Kien Giang', 220),
(3755, 'Dong Thap', 220),
(3761, 'Soc Trang', 220),
(3764, 'Ben Tre', 220),
(3765, 'Ho Chi Minh', 220),
(3766, 'Tra Vinh', 220),
(3767, 'Hai Phong', 220),
(3768, 'Cao Bang', 220),
(3769, 'An Giang', 220),
(3772, 'Nghe An', 220),
(3773, 'Gia Lai', 220),
(3774, 'Lam Dong', 220),
(3775, 'Binh Dinh', 220),
(3776, 'Binh Phuoc', 220),
(3777, 'Lang Son', 220),
(3778, 'Tien Giang', 220),
(3779, 'Long An', 220),
(3780, 'Ninh Thuan', 220),
(3781, 'Quang Ninh', 220),
(3782, 'Bac Lieu', 220),
(3783, 'Ca Mau', 220),
(3786, 'Binh Duong', 220),
(3787, 'Binh Thuan', 220),
(3788, 'Vinh Long', 220),
(3789, 'Dong Nai', 220),
(3791, 'Bac Kan', 220),
(3792, 'Bac Giang', 220),
(3793, 'Thua Thien-Hue', 220),
(3794, 'Bac Ninh', 220),
(3795, 'Ha Giang', 220),
(3796, 'Tuyen Quang', 220),
(3797, 'Thai Nguyen', 220),
(3798, 'Da Nang', 220),
(3799, 'Khanh Hoa', 220),
(3800, 'Ba Ria-Vung Tau', 220),
(3801, 'Quang Ngai', 220),
(3803, 'Ha Nam', 220),
(3804, 'Phu Yen', 220),
(3805, 'Quang Binh', 220),
(3806, 'Phu Tho', 220),
(3807, 'Quang Tri', 220),
(3808, 'Ha Tinh', 220),
(3809, 'Kon Tum', 220),
(3811, 'Yen Bai', 220),
(3812, 'Ninh Binh', 220),
(3813, 'Nam Dinh', 220),
(3814, 'Hai Duong', 220),
(3815, 'Ha Noi', 220),
(3816, 'Hoa Binh', 220),
(3817, 'Hung Yen', 220),
(3818, 'Vinh Phuc', 220),
(3819, 'Sanma', 221),
(3820, 'Aoba', 221),
(3821, 'Shepherd', 221),
(3822, 'Malakula', 221),
(3823, 'Pentecote', 221),
(3824, 'Torba', 221),
(3825, 'Efate', 221),
(3826, 'Tafea', 221),
(3827, 'Ambrym', 221),
(3828, 'Epi', 221),
(3829, 'Paama', 221),
(3832, 'Lahij', 224),
(3833, 'Sa\'dah', 224),
(3834, 'Al Hudaydah', 224),
(3835, 'Ma\'rib', 224),
(3836, 'Al Bayda\'', 224),
(3837, 'Dhamar', 224),
(3838, 'San\'a\'', 224),
(3839, 'Al Mahrah', 224),
(3840, 'Hadramawt', 224),
(3841, 'Taizz', 224),
(3842, 'Hajjah', 224),
(3843, 'Abyan', 224),
(3844, 'Ibb', 224),
(3845, 'Adan', 224),
(3846, 'Al Mahwit', 224),
(3847, 'Al Jawf', 224),
(3850, 'Western Cape', 226),
(3851, 'Eastern Cape', 226),
(3852, 'Mpumalanga', 226),
(3853, 'Free State', 226),
(3854, 'North-West', 226),
(3855, 'Limpopo', 226),
(3856, 'KwaZulu-Natal', 226),
(3857, 'North-Western Province', 226),
(3858, 'Gauteng', 226),
(3859, 'Northern Cape', 226),
(3861, 'Southern', 227),
(3862, 'North-Western', 227),
(3863, 'Northern', 227),
(3864, 'Western', 227),
(3865, 'Eastern', 227),
(3866, 'Copperbelt', 227),
(3867, 'Luapula', 227),
(3868, 'Central', 227),
(3869, 'Lusaka', 227),
(3883, 'Matabeleland North', 229),
(3884, 'Mashonaland East', 229),
(3885, 'Mashonaland Central', 229),
(3886, 'Matabeleland South', 229),
(3888, 'Masvingo', 229),
(3890, 'N/A', NULL);

-- --------------------------------------------------------

--
-- Table structure for table `orders`
--
-- Creation: Feb 05, 2018 at 04:56 PM
--

DROP TABLE IF EXISTS `orders`;
CREATE TABLE `orders` (
  `id` int(11) NOT NULL,
  `order_id` int(11) NOT NULL,
  `username` varchar(255) NOT NULL,
  `name` varchar(255) NOT NULL,
  `address` text NOT NULL,
  `item` varchar(255) NOT NULL,
  `quantity` int(11) NOT NULL,
  `price` int(11) NOT NULL,
  `order_status` int(11) NOT NULL,
  `creation_date` timestamp NOT NULL DEFAULT CURRENT_TIMESTAMP,
  `update_date` timestamp NULL DEFAULT NULL ON UPDATE CURRENT_TIMESTAMP
) ENGINE=InnoDB DEFAULT CHARSET=utf8;

--
-- Dumping data for table `orders`
--

INSERT INTO `orders` (`id`, `order_id`, `username`, `name`, `address`, `item`, `quantity`, `price`, `order_status`, `creation_date`, `update_date`) VALUES
(1, 1, 'Andro', 'Mr. Andro Marces', 'Buhangin, Davao City, Davao City, Davao Del Sur, REGION XI (Davao Region), Philippines', 'Samsung Curved 23.6 in. LC24F390FHE', 2, 9708, 3, '2018-02-03 13:20:32', '2018-02-04 15:52:59'),
(2, 2, 'Andro', 'Mr. Andro Marces', 'Buhangin, Davao City, Davao City, Davao Del Sur, REGION XI (Davao Region), Philippines', 'Acer Predator 15 G9-593-74EL', 2, 105449, 3, '2018-02-03 13:26:28', '2018-02-04 15:53:29'),
(3, 1, 'Andro', 'Mr. Andro Marces', 'Buhangin, Davao City, Davao City, Davao Del Sur, REGION XI (Davao Region), Philippines', 'ASUS GR8 II-6GT024Z', 2, 65000, 3, '2018-02-04 15:59:24', NULL),
(4, 1, 'Andro', 'Mr. Andro Marces', 'Buhangin, Davao City, Davao City, Davao Del Sur, REGION XI (Davao Region), Philippines', 'HP Pavilion 580-068', 7, 53000, 3, '2018-02-04 15:59:24', NULL),
(5, 1, 'Andro', 'Mr. Andro Marces', 'Buhangin, Davao City, Davao City, Davao Del Sur, REGION XI (Davao Region), Philippines', 'Acer R231', 6, 6900, 3, '2018-02-04 15:59:24', '2018-02-04 16:02:56'),
(6, 1, 'Andro', 'Mr. Andro Marces', 'Buhangin, Davao City, Davao City, Davao Del Sur, REGION XI (Davao Region), Philippines', 'Alienware Area 51 a51R2-1471SLV', 2, 88000, 3, '2018-02-04 15:59:24', NULL),
(7, 2, 'Andro', 'Mr. Andro Marces', 'Buhangin, Davao City, Davao City, Davao Del Sur, REGION XI (Davao Region), Philippines', 'Acer R231', 2, 6900, 3, '2018-02-04 15:59:24', NULL),
(8, 2, 'Andro', 'Mr. Andro Marces', 'Buhangin, Davao City, Davao City, Davao Del Sur, REGION XI (Davao Region), Philippines', 'SteelSeries Siberia v2', 1, 5500, 3, '2018-02-04 16:08:18', '2018-02-04 17:11:43'),
(9, 2, 'Andro', 'Mr. Andro Marces', 'Buhangin, Davao City, Davao City, Davao Del Sur, REGION XI (Davao Region), Philippines', 'Samsung 21.5 in. LS22F355FHE', 3, 5611, 3, '2018-02-04 16:08:18', '2018-02-04 17:11:47'),
(10, 2, 'Andro', 'Mr. Andro Marces', 'Buhangin, Davao City, Davao City, Davao Del Sur, REGION XI (Davao Region), Philippines', 'Sades SA810', 4, 1400, 3, '2018-02-04 16:08:18', '2018-02-04 17:11:53'),
(11, 3, 'Andro', 'Mr. Andro Marces', 'Buhangin, Davao City, Davao City, Davao Del Sur, REGION XI (Davao Region), Philippines', 'Acer R231', 6, 6900, 3, '2018-02-04 18:09:45', NULL),
(12, 4, 'user3', 'Ms. User3 User3', 'Angola, Angola', 'Acer Predator 15 G9-593-74EL', 5, 105449, 3, '2018-02-04 18:10:21', NULL),
(13, 4, 'user3', 'Ms. User3 User3', 'Angola, Angola', 'Acer R231', 2, 6900, 3, '2018-02-04 18:10:21', NULL),
(14, 4, 'user3', 'Ms. User3 User3', 'Angola, Angola', 'AOC E1670SW', 1, 2666, 3, '2018-02-04 18:10:21', NULL),
(15, 4, 'user3', 'Ms. User3 User3', 'Angola, Angola', 'ASUS GL702VM-BA384T', 5, 104995, 3, '2018-02-04 18:10:21', NULL),
(16, 4, 'user3', 'Ms. User3 User3', 'Angola, Angola', 'ASUS GL753VE-GC039T', 3, 79995, 3, '2018-02-04 18:10:21', NULL),
(17, 5, 'user3', 'Ms. User3 User3', 'Angola, Angola', 'Acer Predator 15 G9-593-74EL', 2, 105449, 3, '2018-02-06 01:30:16', NULL),
(18, 5, 'user3', 'Ms. User3 User3', 'Angola, Angola', 'Acer S200HQL', 1, 3948, 3, '2018-02-06 01:30:16', NULL),
(19, 5, 'user3', 'Ms. User3 User3', 'Angola, Angola', 'AOC E2070SWN', 1, 3452, 3, '2018-02-06 01:30:16', NULL);

-- --------------------------------------------------------

--
-- Table structure for table `phil_city`
--
-- Creation: Feb 05, 2018 at 04:56 PM
--

DROP TABLE IF EXISTS `phil_city`;
CREATE TABLE `phil_city` (
  `city_id` int(11) NOT NULL,
  `city_name` varchar(255) NOT NULL,
  `province_id` int(11) DEFAULT NULL,
  `creation_date` timestamp NOT NULL DEFAULT CURRENT_TIMESTAMP,
  `update_date` timestamp NULL DEFAULT NULL ON UPDATE CURRENT_TIMESTAMP
) ENGINE=InnoDB DEFAULT CHARSET=utf8;

--
-- Dumping data for table `phil_city`
--

INSERT INTO `phil_city` (`city_id`, `city_name`, `province_id`, `creation_date`, `update_date`) VALUES
(1, 'Manila', 1, '2018-01-24 11:43:39', NULL),
(2, 'City Of Makati', 1, '2018-01-24 11:43:39', NULL),
(3, 'City Of Muntinlupa', 1, '2018-01-24 11:43:39', NULL),
(4, 'City Of Paraaque', 1, '2018-01-24 11:43:39', NULL),
(5, 'Pasay City', 1, '2018-01-24 11:43:39', NULL),
(6, 'Pateros', 1, '2018-01-24 11:43:39', NULL),
(7, 'Taguig City', 1, '2018-01-24 11:43:39', NULL),
(8, 'City Of Marikina', 1, '2018-01-24 11:43:39', NULL),
(9, 'City Of Pasig', 1, '2018-01-24 11:43:39', NULL),
(10, 'Quezon City', 1, '2018-01-24 11:43:39', NULL),
(11, 'City Of San Juan', 1, '2018-01-24 11:43:39', NULL),
(12, 'City Of Malabon', 1, '2018-01-24 11:43:39', NULL),
(13, 'City Of Navotas', 1, '2018-01-24 11:43:39', NULL),
(14, 'City Of Valenzuela', 1, '2018-01-24 11:43:39', NULL),
(15, 'City Of Las Pias', 1, '2018-01-24 11:43:39', NULL),
(16, 'City Of Mandaluyong', 1, '2018-01-24 11:43:39', NULL),
(17, 'Caloocan City', 1, '2018-01-24 11:43:39', NULL),
(18, 'Boliney', 2, '2018-01-24 11:43:39', NULL),
(19, 'Bucay', 2, '2018-01-24 11:43:39', NULL),
(20, 'Bucloc', 2, '2018-01-24 11:43:39', NULL),
(21, 'Daguioman', 2, '2018-01-24 11:43:39', NULL),
(22, 'Danglas', 2, '2018-01-24 11:43:39', NULL),
(23, 'Dolores', 2, '2018-01-24 11:43:39', NULL),
(24, 'La Paz', 2, '2018-01-24 11:43:39', NULL),
(25, 'Lacub', 2, '2018-01-24 11:43:39', NULL),
(26, 'Lagangilang', 2, '2018-01-24 11:43:39', NULL),
(27, 'Lagayan', 2, '2018-01-24 11:43:39', NULL),
(28, 'Langiden', 2, '2018-01-24 11:43:39', NULL),
(29, 'Licuan-Baay (Licuan)', 2, '2018-01-24 11:43:39', NULL),
(30, 'Luba', 2, '2018-01-24 11:43:39', NULL),
(31, 'Malibcong', 2, '2018-01-24 11:43:39', NULL),
(32, 'Manabo', 2, '2018-01-24 11:43:39', NULL),
(33, 'Pearrubia', 2, '2018-01-24 11:43:39', NULL),
(34, 'Pidigan', 2, '2018-01-24 11:43:39', NULL),
(35, 'Pilar', 2, '2018-01-24 11:43:39', NULL),
(36, 'Sallapadan', 2, '2018-01-24 11:43:39', NULL),
(37, 'San Isidro', 2, '2018-01-24 11:43:39', NULL),
(38, 'San Juan', 2, '2018-01-24 11:43:39', NULL),
(39, 'San Quintin', 2, '2018-01-24 11:43:39', NULL),
(40, 'Tayum', 2, '2018-01-24 11:43:39', NULL),
(41, 'Tineg', 2, '2018-01-24 11:43:39', NULL),
(42, 'Tubo', 2, '2018-01-24 11:43:39', NULL),
(43, 'Villaviciosa', 2, '2018-01-24 11:43:39', NULL),
(44, 'Conner', 3, '2018-01-24 11:43:39', NULL),
(45, 'Flora', 3, '2018-01-24 11:43:39', NULL),
(46, 'Kabugao (Capital)', 3, '2018-01-24 11:43:39', NULL),
(47, 'Luna', 3, '2018-01-24 11:43:39', NULL),
(48, 'Pudtol', 3, '2018-01-24 11:43:39', NULL),
(49, 'Santa Marcela', 3, '2018-01-24 11:43:39', NULL),
(50, 'Baguio City', 4, '2018-01-24 11:43:39', NULL),
(51, 'Bakun', 4, '2018-01-24 11:43:39', NULL),
(52, 'Bokod', 4, '2018-01-24 11:43:39', NULL),
(53, 'Buguias', 4, '2018-01-24 11:43:39', NULL),
(54, 'Itogon', 4, '2018-01-24 11:43:39', NULL),
(55, 'Kabayan', 4, '2018-01-24 11:43:39', NULL),
(56, 'Kapangan', 4, '2018-01-24 11:43:39', NULL),
(57, 'Kibungan', 4, '2018-01-24 11:43:39', NULL),
(58, 'La Trinidad (Capital)', 4, '2018-01-24 11:43:39', NULL),
(59, 'Mankayan', 4, '2018-01-24 11:43:39', NULL),
(60, 'Sablan', 4, '2018-01-24 11:43:39', NULL),
(61, 'Tuba', 4, '2018-01-24 11:43:39', NULL),
(62, 'Tublay', 4, '2018-01-24 11:43:39', NULL),
(63, 'Hungduan', 5, '2018-01-24 11:43:39', NULL),
(64, 'Kiangan', 5, '2018-01-24 11:43:39', NULL),
(65, 'Lagawe (Capital)', 5, '2018-01-24 11:43:39', NULL),
(66, 'Lamut', 5, '2018-01-24 11:43:39', NULL),
(67, 'Mayoyao', 5, '2018-01-24 11:43:39', NULL),
(68, 'Alfonso Lista (Potia)', 5, '2018-01-24 11:43:39', NULL),
(69, 'Aguinaldo', 5, '2018-01-24 11:43:39', NULL),
(70, 'Hingyon', 5, '2018-01-24 11:43:39', NULL),
(71, 'Tinoc', 5, '2018-01-24 11:43:39', NULL),
(72, 'Asipulo', 5, '2018-01-24 11:43:39', NULL),
(73, 'Lubuagan', 6, '2018-01-24 11:43:39', NULL),
(74, 'Pasil', 6, '2018-01-24 11:43:39', NULL),
(75, 'Pinukpuk', 6, '2018-01-24 11:43:39', NULL),
(76, 'Rizal (Liwan)', 6, '2018-01-24 11:43:39', NULL),
(77, 'City Of Tabuk (Capital)', 6, '2018-01-24 11:43:39', NULL),
(78, 'Tanudan', 6, '2018-01-24 11:43:39', NULL),
(79, 'Tinglayan', 6, '2018-01-24 11:43:39', NULL),
(80, 'Bauko', 7, '2018-01-24 11:43:39', NULL),
(81, 'Besao', 7, '2018-01-24 11:43:39', NULL),
(82, 'Bontoc (Capital)', 7, '2018-01-24 11:43:39', NULL),
(83, 'Natonin', 7, '2018-01-24 11:43:39', NULL),
(84, 'Paracelis', 7, '2018-01-24 11:43:39', NULL),
(85, 'Sabangan', 7, '2018-01-24 11:43:39', NULL),
(86, 'Sadanga', 7, '2018-01-24 11:43:39', NULL),
(87, 'Sagada', 7, '2018-01-24 11:43:39', NULL),
(88, 'Tadian', 7, '2018-01-24 11:43:39', NULL),
(89, 'Bangued (Capital)', 2, '2018-01-24 11:43:39', NULL),
(90, 'Calanasan (Bayag)', 3, '2018-01-24 11:43:39', NULL),
(91, 'Atok', 4, '2018-01-24 11:43:39', NULL),
(92, 'Banaue', 5, '2018-01-24 11:43:39', NULL),
(93, 'Balbalan', 6, '2018-01-24 11:43:39', NULL),
(94, 'Barlig', 7, '2018-01-24 11:43:39', NULL),
(95, 'Bacarra', 8, '2018-01-24 11:43:39', NULL),
(96, 'Badoc', 8, '2018-01-24 11:43:39', NULL),
(97, 'Bangui', 8, '2018-01-24 11:43:39', NULL),
(98, 'City Of Batac', 8, '2018-01-24 11:43:39', NULL),
(99, 'Burgos', 8, '2018-01-24 11:43:39', NULL),
(100, 'Carasi', 8, '2018-01-24 11:43:39', NULL),
(101, 'Currimao', 8, '2018-01-24 11:43:39', NULL),
(102, 'Dingras', 8, '2018-01-24 11:43:39', NULL),
(103, 'Dumalneg', 8, '2018-01-24 11:43:39', NULL),
(104, 'Banna (Espiritu)', 8, '2018-01-24 11:43:39', NULL),
(105, 'Laoag City (Capital)', 8, '2018-01-24 11:43:39', NULL),
(106, 'Marcos', 8, '2018-01-24 11:43:39', NULL),
(107, 'Nueva Era', 8, '2018-01-24 11:43:39', NULL),
(108, 'Pagudpud', 8, '2018-01-24 11:43:39', NULL),
(109, 'Paoay', 8, '2018-01-24 11:43:39', NULL),
(110, 'Pasuquin', 8, '2018-01-24 11:43:39', NULL),
(111, 'Piddig', 8, '2018-01-24 11:43:39', NULL),
(112, 'Pinili', 8, '2018-01-24 11:43:39', NULL),
(113, 'San Nicolas', 8, '2018-01-24 11:43:39', NULL),
(114, 'Sarrat', 8, '2018-01-24 11:43:39', NULL),
(115, 'Solsona', 8, '2018-01-24 11:43:39', NULL),
(116, 'Vintar', 8, '2018-01-24 11:43:39', NULL),
(117, 'Banayoyo', 9, '2018-01-24 11:43:39', NULL),
(118, 'Bantay', 9, '2018-01-24 11:43:39', NULL),
(119, 'Cabugao', 9, '2018-01-24 11:43:39', NULL),
(120, 'City Of Candon', 9, '2018-01-24 11:43:39', NULL),
(121, 'Caoayan', 9, '2018-01-24 11:43:39', NULL),
(122, 'Cervantes', 9, '2018-01-24 11:43:39', NULL),
(123, 'Galimuyod', 9, '2018-01-24 11:43:39', NULL),
(124, 'Gregorio Del Pilar (Concepcion)', 9, '2018-01-24 11:43:39', NULL),
(125, 'Lidlidda', 9, '2018-01-24 11:43:39', NULL),
(126, 'Magsingal', 9, '2018-01-24 11:43:39', NULL),
(127, 'Nagbukel', 9, '2018-01-24 11:43:39', NULL),
(128, 'Narvacan', 9, '2018-01-24 11:43:39', NULL),
(129, 'Quirino (Angkaki)', 9, '2018-01-24 11:43:39', NULL),
(130, 'Salcedo (Baugen)', 9, '2018-01-24 11:43:39', NULL),
(131, 'San Emilio', 9, '2018-01-24 11:43:39', NULL),
(132, 'San Esteban', 9, '2018-01-24 11:43:39', NULL),
(133, 'San Ildefonso', 9, '2018-01-24 11:43:39', NULL),
(134, 'San Juan (Lapog)', 9, '2018-01-24 11:43:39', NULL),
(135, 'San Vicente', 9, '2018-01-24 11:43:39', NULL),
(136, 'Santa', 9, '2018-01-24 11:43:39', NULL),
(137, 'Santa Catalina', 9, '2018-01-24 11:43:39', NULL),
(138, 'Santa Cruz', 9, '2018-01-24 11:43:39', NULL),
(139, 'Santa Lucia', 9, '2018-01-24 11:43:39', NULL),
(140, 'Santa Maria', 9, '2018-01-24 11:43:39', NULL),
(141, 'Santiago', 9, '2018-01-24 11:43:39', NULL),
(142, 'Santo Domingo', 9, '2018-01-24 11:43:39', NULL),
(143, 'Sigay', 9, '2018-01-24 11:43:39', NULL),
(144, 'Sinait', 9, '2018-01-24 11:43:39', NULL),
(145, 'Sugpon', 9, '2018-01-24 11:43:39', NULL),
(146, 'Suyo', 9, '2018-01-24 11:43:39', NULL),
(147, 'Tagudin', 9, '2018-01-24 11:43:39', NULL),
(148, 'City Of Vigan (Capital)', 9, '2018-01-24 11:43:39', NULL),
(149, 'Aringay', 10, '2018-01-24 11:43:39', NULL),
(150, 'Bacnotan', 10, '2018-01-24 11:43:39', NULL),
(151, 'Bagulin', 10, '2018-01-24 11:43:39', NULL),
(152, 'Balaoan', 10, '2018-01-24 11:43:39', NULL),
(153, 'Bangar', 10, '2018-01-24 11:43:39', NULL),
(154, 'Bauang', 10, '2018-01-24 11:43:39', NULL),
(155, 'Caba', 10, '2018-01-24 11:43:39', NULL),
(156, 'Naguilian', 10, '2018-01-24 11:43:39', NULL),
(157, 'Pugo', 10, '2018-01-24 11:43:39', NULL),
(158, 'Rosario', 10, '2018-01-24 11:43:39', NULL),
(159, 'City Of San Fernando (Capital)', 10, '2018-01-24 11:43:39', NULL),
(160, 'San Gabriel', 10, '2018-01-24 11:43:39', NULL),
(161, 'Santo Tomas', 10, '2018-01-24 11:43:39', NULL),
(162, 'Santol', 10, '2018-01-24 11:43:39', NULL),
(163, 'Sudipen', 10, '2018-01-24 11:43:39', NULL),
(164, 'Tubao', 10, '2018-01-24 11:43:39', NULL),
(165, 'Aguilar', 11, '2018-01-24 11:43:39', NULL),
(166, 'City Of Alaminos', 11, '2018-01-24 11:43:39', NULL),
(167, 'Alcala', 11, '2018-01-24 11:43:39', NULL),
(168, 'Anda', 11, '2018-01-24 11:43:39', NULL),
(169, 'Asingan', 11, '2018-01-24 11:43:39', NULL),
(170, 'Balungao', 11, '2018-01-24 11:43:39', NULL),
(171, 'Bani', 11, '2018-01-24 11:43:39', NULL),
(172, 'Basista', 11, '2018-01-24 11:43:39', NULL),
(173, 'Bautista', 11, '2018-01-24 11:43:39', NULL),
(174, 'Bayambang', 11, '2018-01-24 11:43:39', NULL),
(175, 'Binalonan', 11, '2018-01-24 11:43:39', NULL),
(176, 'Binmaley', 11, '2018-01-24 11:43:39', NULL),
(177, 'Bolinao', 11, '2018-01-24 11:43:39', NULL),
(178, 'Bugallon', 11, '2018-01-24 11:43:39', NULL),
(179, 'Calasiao', 11, '2018-01-24 11:43:39', NULL),
(180, 'Dagupan City', 11, '2018-01-24 11:43:39', NULL),
(181, 'Dasol', 11, '2018-01-24 11:43:39', NULL),
(182, 'Infanta', 11, '2018-01-24 11:43:39', NULL),
(183, 'Labrador', 11, '2018-01-24 11:43:39', NULL),
(184, 'Lingayen (Capital)', 11, '2018-01-24 11:43:39', NULL),
(185, 'Mabini', 11, '2018-01-24 11:43:39', NULL),
(186, 'Malasiqui', 11, '2018-01-24 11:43:39', NULL),
(187, 'Manaoag', 11, '2018-01-24 11:43:39', NULL),
(188, 'Mangaldan', 11, '2018-01-24 11:43:39', NULL),
(189, 'Mangatarem', 11, '2018-01-24 11:43:39', NULL),
(190, 'Mapandan', 11, '2018-01-24 11:43:39', NULL),
(191, 'Natividad', 11, '2018-01-24 11:43:39', NULL),
(192, 'Pozorrubio', 11, '2018-01-24 11:43:39', NULL),
(193, 'Rosales', 11, '2018-01-24 11:43:39', NULL),
(194, 'San Carlos City', 11, '2018-01-24 11:43:39', NULL),
(195, 'San Fabian', 11, '2018-01-24 11:43:39', NULL),
(196, 'San Jacinto', 11, '2018-01-24 11:43:39', NULL),
(197, 'San Manuel', 11, '2018-01-24 11:43:39', NULL),
(198, 'Santa Barbara', 11, '2018-01-24 11:43:39', NULL),
(199, 'Sison', 11, '2018-01-24 11:43:39', NULL),
(200, 'Sual', 11, '2018-01-24 11:43:39', NULL),
(201, 'Tayug', 11, '2018-01-24 11:43:39', NULL),
(202, 'Umingan', 11, '2018-01-24 11:43:39', NULL),
(203, 'Urbiztondo', 11, '2018-01-24 11:43:39', NULL),
(204, 'City Of Urdaneta', 11, '2018-01-24 11:43:39', NULL),
(205, 'Villasis', 11, '2018-01-24 11:43:39', NULL),
(206, 'Laoac', 11, '2018-01-24 11:43:39', NULL),
(207, 'Adams', 8, '2018-01-24 11:43:39', NULL),
(208, 'Alilem', 9, '2018-01-24 11:43:39', NULL),
(209, 'Agoo', 10, '2018-01-24 11:43:39', NULL),
(210, 'Agno', 11, '2018-01-24 11:43:39', NULL),
(211, 'Itbayat', 12, '2018-01-24 11:43:39', NULL),
(212, 'Ivana', 12, '2018-01-24 11:43:39', NULL),
(213, 'Mahatao', 12, '2018-01-24 11:43:39', NULL),
(214, 'Sabtang', 12, '2018-01-24 11:43:39', NULL),
(215, 'Uyugan', 12, '2018-01-24 11:43:39', NULL),
(216, 'Allacapan', 13, '2018-01-24 11:43:39', NULL),
(217, 'Amulung', 13, '2018-01-24 11:43:39', NULL),
(218, 'Aparri', 13, '2018-01-24 11:43:39', NULL),
(219, 'Baggao', 13, '2018-01-24 11:43:39', NULL),
(220, 'Ballesteros', 13, '2018-01-24 11:43:39', NULL),
(221, 'Buguey', 13, '2018-01-24 11:43:39', NULL),
(222, 'Calayan', 13, '2018-01-24 11:43:39', NULL),
(223, 'Camalaniugan', 13, '2018-01-24 11:43:39', NULL),
(224, 'Claveria', 13, '2018-01-24 11:43:39', NULL),
(225, 'Enrile', 13, '2018-01-24 11:43:39', NULL),
(226, 'Gattaran', 13, '2018-01-24 11:43:39', NULL),
(227, 'Gonzaga', 13, '2018-01-24 11:43:39', NULL),
(228, 'Iguig', 13, '2018-01-24 11:43:39', NULL),
(229, 'Lal-Lo', 13, '2018-01-24 11:43:39', NULL),
(230, 'Lasam', 13, '2018-01-24 11:43:39', NULL),
(231, 'Pamplona', 13, '2018-01-24 11:43:39', NULL),
(232, 'Peablanca', 13, '2018-01-24 11:43:39', NULL),
(233, 'Piat', 13, '2018-01-24 11:43:39', NULL),
(234, 'Rizal', 13, '2018-01-24 11:43:39', NULL),
(235, 'Sanchez-Mira', 13, '2018-01-24 11:43:39', NULL),
(236, 'Santa Ana', 13, '2018-01-24 11:43:39', NULL),
(237, 'Santa Praxedes', 13, '2018-01-24 11:43:39', NULL),
(238, 'Santa Teresita', 13, '2018-01-24 11:43:39', NULL),
(239, 'Santo Nio (Faire)', 13, '2018-01-24 11:43:39', NULL),
(240, 'Solana', 13, '2018-01-24 11:43:39', NULL),
(241, 'Tuao', 13, '2018-01-24 11:43:39', NULL),
(242, 'Tuguegarao City (Capital)', 13, '2018-01-24 11:43:39', NULL),
(243, 'Angadanan', 14, '2018-01-24 11:43:39', NULL),
(244, 'Aurora', 14, '2018-01-24 11:43:39', NULL),
(245, 'Benito Soliven', 14, '2018-01-24 11:43:39', NULL),
(246, 'Cabagan', 14, '2018-01-24 11:43:39', NULL),
(247, 'Cabatuan', 14, '2018-01-24 11:43:39', NULL),
(248, 'City Of Cauayan', 14, '2018-01-24 11:43:39', NULL),
(249, 'Cordon', 14, '2018-01-24 11:43:39', NULL),
(250, 'Dinapigue', 14, '2018-01-24 11:43:39', NULL),
(251, 'Divilacan', 14, '2018-01-24 11:43:39', NULL),
(252, 'Echague', 14, '2018-01-24 11:43:39', NULL),
(253, 'Gamu', 14, '2018-01-24 11:43:39', NULL),
(254, 'Ilagan (Capital)', 14, '2018-01-24 11:43:39', NULL),
(255, 'Jones', 14, '2018-01-24 11:43:39', NULL),
(256, 'Maconacon', 14, '2018-01-24 11:43:39', NULL),
(257, 'Delfin Albano (Magsaysay)', 14, '2018-01-24 11:43:39', NULL),
(258, 'Mallig', 14, '2018-01-24 11:43:39', NULL),
(259, 'Palanan', 14, '2018-01-24 11:43:39', NULL),
(260, 'Quezon', 14, '2018-01-24 11:43:39', NULL),
(261, 'Quirino', 14, '2018-01-24 11:43:39', NULL),
(262, 'Ramon', 14, '2018-01-24 11:43:39', NULL),
(263, 'Reina Mercedes', 14, '2018-01-24 11:43:39', NULL),
(264, 'Roxas', 14, '2018-01-24 11:43:39', NULL),
(265, 'San Agustin', 14, '2018-01-24 11:43:39', NULL),
(266, 'San Guillermo', 14, '2018-01-24 11:43:39', NULL),
(267, 'San Mariano', 14, '2018-01-24 11:43:39', NULL),
(268, 'San Mateo', 14, '2018-01-24 11:43:39', NULL),
(269, 'San Pablo', 14, '2018-01-24 11:43:39', NULL),
(270, 'City Of Santiago', 14, '2018-01-24 11:43:39', NULL),
(271, 'Tumauini', 14, '2018-01-24 11:43:39', NULL),
(272, 'Aritao', 15, '2018-01-24 11:43:39', NULL),
(273, 'Bagabag', 15, '2018-01-24 11:43:39', NULL),
(274, 'Bambang', 15, '2018-01-24 11:43:39', NULL),
(275, 'Bayombong (Capital)', 15, '2018-01-24 11:43:39', NULL),
(276, 'Diadi', 15, '2018-01-24 11:43:39', NULL),
(277, 'Dupax Del Norte', 15, '2018-01-24 11:43:39', NULL),
(278, 'Dupax Del Sur', 15, '2018-01-24 11:43:39', NULL),
(279, 'Kasibu', 15, '2018-01-24 11:43:39', NULL),
(280, 'Kayapa', 15, '2018-01-24 11:43:39', NULL),
(281, 'Santa Fe', 15, '2018-01-24 11:43:39', NULL),
(282, 'Solano', 15, '2018-01-24 11:43:39', NULL),
(283, 'Villaverde', 15, '2018-01-24 11:43:39', NULL),
(284, 'Alfonso Castaneda', 15, '2018-01-24 11:43:39', NULL),
(285, 'Cabarroguis (Capital)', 16, '2018-01-24 11:43:39', NULL),
(286, 'Diffun', 16, '2018-01-24 11:43:39', NULL),
(287, 'Maddela', 16, '2018-01-24 11:43:39', NULL),
(288, 'Saguday', 16, '2018-01-24 11:43:39', NULL),
(289, 'Nagtipunan', 16, '2018-01-24 11:43:39', NULL),
(290, 'Basco (Capital)', 12, '2018-01-24 11:43:39', NULL),
(291, 'Abulug', 13, '2018-01-24 11:43:39', NULL),
(292, 'Alicia', 14, '2018-01-24 11:43:39', NULL),
(293, 'Ambaguio', 15, '2018-01-24 11:43:39', NULL),
(294, 'Aglipay', 16, '2018-01-24 11:43:39', NULL),
(295, 'Casiguran', 17, '2018-01-24 11:43:39', NULL),
(296, 'Dilasag', 17, '2018-01-24 11:43:39', NULL),
(297, 'Dinalungan', 17, '2018-01-24 11:43:39', NULL),
(298, 'Dingalan', 17, '2018-01-24 11:43:39', NULL),
(299, 'Dipaculao', 17, '2018-01-24 11:43:39', NULL),
(300, 'Maria Aurora', 17, '2018-01-24 11:43:39', NULL),
(301, 'San Luis', 17, '2018-01-24 11:43:39', NULL),
(302, 'Bagac', 18, '2018-01-24 11:43:39', NULL),
(303, 'City Of Balanga (Capital)', 18, '2018-01-24 11:43:39', NULL),
(304, 'Dinalupihan', 18, '2018-01-24 11:43:39', NULL),
(305, 'Hermosa', 18, '2018-01-24 11:43:39', NULL),
(306, 'Limay', 18, '2018-01-24 11:43:39', NULL),
(307, 'Mariveles', 18, '2018-01-24 11:43:39', NULL),
(308, 'Morong', 18, '2018-01-24 11:43:39', NULL),
(309, 'Orani', 18, '2018-01-24 11:43:39', NULL),
(310, 'Orion', 18, '2018-01-24 11:43:39', NULL),
(311, 'Samal', 18, '2018-01-24 11:43:39', NULL),
(312, 'Balagtas (Bigaa)', 19, '2018-01-24 11:43:39', NULL),
(313, 'Baliuag', 19, '2018-01-24 11:43:39', NULL),
(314, 'Bocaue', 19, '2018-01-24 11:43:39', NULL),
(315, 'Bulacan', 19, '2018-01-24 11:43:39', NULL),
(316, 'Bustos', 19, '2018-01-24 11:43:39', NULL),
(317, 'Calumpit', 19, '2018-01-24 11:43:39', NULL),
(318, 'Guiguinto', 19, '2018-01-24 11:43:39', NULL),
(319, 'Hagonoy', 19, '2018-01-24 11:43:39', NULL),
(320, 'City Of Malolos (Capital)', 19, '2018-01-24 11:43:39', NULL),
(321, 'Marilao', 19, '2018-01-24 11:43:39', NULL),
(322, 'City Of Meycauayan', 19, '2018-01-24 11:43:39', NULL),
(323, 'Norzagaray', 19, '2018-01-24 11:43:39', NULL),
(324, 'Obando', 19, '2018-01-24 11:43:39', NULL),
(325, 'Pandi', 19, '2018-01-24 11:43:39', NULL),
(326, 'Paombong', 19, '2018-01-24 11:43:39', NULL),
(327, 'Plaridel', 19, '2018-01-24 11:43:39', NULL),
(328, 'Pulilan', 19, '2018-01-24 11:43:39', NULL),
(329, 'City Of San Jose Del Monte', 19, '2018-01-24 11:43:39', NULL),
(330, 'San Miguel', 19, '2018-01-24 11:43:39', NULL),
(331, 'San Rafael', 19, '2018-01-24 11:43:39', NULL),
(332, 'Doa Remedios Trinidad', 19, '2018-01-24 11:43:39', NULL),
(333, 'Bongabon', 20, '2018-01-24 11:43:39', NULL),
(334, 'Cabanatuan City', 20, '2018-01-24 11:43:39', NULL),
(335, 'Cabiao', 20, '2018-01-24 11:43:39', NULL),
(336, 'Carranglan', 20, '2018-01-24 11:43:39', NULL),
(337, 'Cuyapo', 20, '2018-01-24 11:43:39', NULL),
(338, 'Gabaldon (Bitulok & Sabani)', 20, '2018-01-24 11:43:39', NULL),
(339, 'City Of Gapan', 20, '2018-01-24 11:43:39', NULL),
(340, 'General Mamerto Natividad', 20, '2018-01-24 11:43:39', NULL),
(341, 'General Tinio (Papaya)', 20, '2018-01-24 11:43:39', NULL),
(342, 'Guimba', 20, '2018-01-24 11:43:39', NULL),
(343, 'Jaen', 20, '2018-01-24 11:43:39', NULL),
(344, 'Laur', 20, '2018-01-24 11:43:39', NULL),
(345, 'Licab', 20, '2018-01-24 11:43:39', NULL),
(346, 'Llanera', 20, '2018-01-24 11:43:39', NULL),
(347, 'Lupao', 20, '2018-01-24 11:43:39', NULL),
(348, 'Science City Of Muoz', 20, '2018-01-24 11:43:39', NULL),
(349, 'Nampicuan', 20, '2018-01-24 11:43:39', NULL),
(350, 'Palayan City (Capital)', 20, '2018-01-24 11:43:39', NULL),
(351, 'Pantabangan', 20, '2018-01-24 11:43:39', NULL),
(352, 'Pearanda', 20, '2018-01-24 11:43:39', NULL),
(353, 'San Antonio', 20, '2018-01-24 11:43:39', NULL),
(354, 'San Jose City', 20, '2018-01-24 11:43:39', NULL),
(355, 'San Leonardo', 20, '2018-01-24 11:43:39', NULL),
(356, 'Santa Rosa', 20, '2018-01-24 11:43:39', NULL),
(357, 'Talavera', 20, '2018-01-24 11:43:39', NULL),
(358, 'Talugtug', 20, '2018-01-24 11:43:39', NULL),
(359, 'Zaragoza', 20, '2018-01-24 11:43:39', NULL),
(360, 'Apalit', 21, '2018-01-24 11:43:39', NULL),
(361, 'Arayat', 21, '2018-01-24 11:43:39', NULL),
(362, 'Bacolor', 21, '2018-01-24 11:43:39', NULL),
(363, 'Candaba', 21, '2018-01-24 11:43:39', NULL),
(364, 'Floridablanca', 21, '2018-01-24 11:43:39', NULL),
(365, 'Guagua', 21, '2018-01-24 11:43:39', NULL),
(366, 'Lubao', 21, '2018-01-24 11:43:39', NULL),
(367, 'Mabalacat', 21, '2018-01-24 11:43:39', NULL),
(368, 'Macabebe', 21, '2018-01-24 11:43:39', NULL),
(369, 'Magalang', 21, '2018-01-24 11:43:39', NULL),
(370, 'Masantol', 21, '2018-01-24 11:43:39', NULL),
(371, 'Mexico', 21, '2018-01-24 11:43:39', NULL),
(372, 'Minalin', 21, '2018-01-24 11:43:39', NULL),
(373, 'Porac', 21, '2018-01-24 11:43:39', NULL),
(374, 'San Simon', 21, '2018-01-24 11:43:39', NULL),
(375, 'Santa Rita', 21, '2018-01-24 11:43:39', NULL),
(376, 'Sasmuan (Sexmoan)', 21, '2018-01-24 11:43:39', NULL),
(377, 'Bamban', 22, '2018-01-24 11:43:39', NULL),
(378, 'Camiling', 22, '2018-01-24 11:43:39', NULL),
(379, 'Capas', 22, '2018-01-24 11:43:39', NULL),
(380, 'Concepcion', 22, '2018-01-24 11:43:39', NULL),
(381, 'Gerona', 22, '2018-01-24 11:43:39', NULL),
(382, 'Mayantoc', 22, '2018-01-24 11:43:39', NULL),
(383, 'Moncada', 22, '2018-01-24 11:43:39', NULL),
(384, 'Paniqui', 22, '2018-01-24 11:43:39', NULL),
(385, 'Pura', 22, '2018-01-24 11:43:39', NULL),
(386, 'Ramos', 22, '2018-01-24 11:43:39', NULL),
(387, 'San Clemente', 22, '2018-01-24 11:43:39', NULL),
(388, 'Santa Ignacia', 22, '2018-01-24 11:43:39', NULL),
(389, 'City Of Tarlac (Capital)', 22, '2018-01-24 11:43:39', NULL),
(390, 'Victoria', 22, '2018-01-24 11:43:39', NULL),
(391, 'San Jose', 22, '2018-01-24 11:43:39', NULL),
(392, 'Cabangan', 23, '2018-01-24 11:43:39', NULL),
(393, 'Candelaria', 23, '2018-01-24 11:43:39', NULL),
(394, 'Castillejos', 23, '2018-01-24 11:43:39', NULL),
(395, 'Iba (Capital)', 23, '2018-01-24 11:43:39', NULL),
(396, 'Masinloc', 23, '2018-01-24 11:43:39', NULL),
(397, 'Olongapo City', 23, '2018-01-24 11:43:39', NULL),
(398, 'Palauig', 23, '2018-01-24 11:43:39', NULL),
(399, 'San Felipe', 23, '2018-01-24 11:43:39', NULL),
(400, 'San Marcelino', 23, '2018-01-24 11:43:39', NULL),
(401, 'San Narciso', 23, '2018-01-24 11:43:39', NULL),
(402, 'Subic', 23, '2018-01-24 11:43:39', NULL),
(403, 'Baler (Capital)', 17, '2018-01-24 11:43:39', NULL),
(404, 'Abucay', 18, '2018-01-24 11:43:39', NULL),
(405, 'Angat', 19, '2018-01-24 11:43:39', NULL),
(406, 'Aliaga', 20, '2018-01-24 11:43:39', NULL),
(407, 'Angeles City', 21, '2018-01-24 11:43:39', NULL),
(408, 'Anao', 22, '2018-01-24 11:43:39', NULL),
(409, 'Botolan', 23, '2018-01-24 11:43:39', NULL),
(410, 'Alitagtag', 24, '2018-01-24 11:43:39', NULL),
(411, 'Balayan', 24, '2018-01-24 11:43:39', NULL),
(412, 'Balete', 24, '2018-01-24 11:43:39', NULL),
(413, 'Batangas City (Capital)', 24, '2018-01-24 11:43:39', NULL),
(414, 'Bauan', 24, '2018-01-24 11:43:39', NULL),
(415, 'Calaca', 24, '2018-01-24 11:43:39', NULL),
(416, 'Calatagan', 24, '2018-01-24 11:43:39', NULL),
(417, 'Cuenca', 24, '2018-01-24 11:43:39', NULL),
(418, 'Ibaan', 24, '2018-01-24 11:43:39', NULL),
(419, 'Laurel', 24, '2018-01-24 11:43:39', NULL),
(420, 'Lemery', 24, '2018-01-24 11:43:39', NULL),
(421, 'Lian', 24, '2018-01-24 11:43:39', NULL),
(422, 'Lipa City', 24, '2018-01-24 11:43:39', NULL),
(423, 'Lobo', 24, '2018-01-24 11:43:39', NULL),
(424, 'Malvar', 24, '2018-01-24 11:43:39', NULL),
(425, 'Mataasnakahoy', 24, '2018-01-24 11:43:39', NULL),
(426, 'Nasugbu', 24, '2018-01-24 11:43:39', NULL),
(427, 'Padre Garcia', 24, '2018-01-24 11:43:39', NULL),
(428, 'San Pascual', 24, '2018-01-24 11:43:39', NULL),
(429, 'Taal', 24, '2018-01-24 11:43:39', NULL),
(430, 'Talisay', 24, '2018-01-24 11:43:39', NULL),
(431, 'City Of Tanauan', 24, '2018-01-24 11:43:39', NULL),
(432, 'Taysan', 24, '2018-01-24 11:43:39', NULL),
(433, 'Tingloy', 24, '2018-01-24 11:43:39', NULL),
(434, 'Tuy', 24, '2018-01-24 11:43:39', NULL),
(435, 'Amadeo', 25, '2018-01-24 11:43:39', NULL),
(436, 'Bacoor', 25, '2018-01-24 11:43:39', NULL),
(437, 'Carmona', 25, '2018-01-24 11:43:39', NULL),
(438, 'Cavite City', 25, '2018-01-24 11:43:39', NULL),
(439, 'City Of Dasmarias', 25, '2018-01-24 11:43:39', NULL),
(440, 'General Emilio Aguinaldo', 25, '2018-01-24 11:43:39', NULL),
(441, 'General Trias', 25, '2018-01-24 11:43:39', NULL),
(442, 'Imus', 25, '2018-01-24 11:43:39', NULL),
(443, 'Indang', 25, '2018-01-24 11:43:39', NULL),
(444, 'Kawit', 25, '2018-01-24 11:43:39', NULL),
(445, 'Magallanes', 25, '2018-01-24 11:43:39', NULL),
(446, 'Maragondon', 25, '2018-01-24 11:43:39', NULL),
(447, 'Mendez (Mendez-Nuez)', 25, '2018-01-24 11:43:39', NULL),
(448, 'Naic', 25, '2018-01-24 11:43:39', NULL),
(449, 'Noveleta', 25, '2018-01-24 11:43:39', NULL),
(450, 'Silang', 25, '2018-01-24 11:43:39', NULL),
(451, 'Tagaytay City', 25, '2018-01-24 11:43:39', NULL),
(452, 'Tanza', 25, '2018-01-24 11:43:39', NULL),
(453, 'Ternate', 25, '2018-01-24 11:43:39', NULL),
(454, 'Trece Martires City (Capital)', 25, '2018-01-24 11:43:39', NULL),
(455, 'Gen. Mariano Alvarez', 25, '2018-01-24 11:43:39', NULL),
(456, 'Bay', 26, '2018-01-24 11:43:39', NULL),
(457, 'City Of Bian', 26, '2018-01-24 11:43:39', NULL),
(458, 'Cabuyao', 26, '2018-01-24 11:43:39', NULL),
(459, 'City Of Calamba', 26, '2018-01-24 11:43:39', NULL),
(460, 'Calauan', 26, '2018-01-24 11:43:39', NULL),
(461, 'Cavinti', 26, '2018-01-24 11:43:39', NULL),
(462, 'Famy', 26, '2018-01-24 11:43:39', NULL),
(463, 'Kalayaan', 26, '2018-01-24 11:43:39', NULL),
(464, 'Liliw', 26, '2018-01-24 11:43:39', NULL),
(465, 'Los Baos', 26, '2018-01-24 11:43:39', NULL),
(466, 'Luisiana', 26, '2018-01-24 11:43:39', NULL),
(467, 'Lumban', 26, '2018-01-24 11:43:39', NULL),
(468, 'Mabitac', 26, '2018-01-24 11:43:39', NULL),
(469, 'Magdalena', 26, '2018-01-24 11:43:39', NULL),
(470, 'Majayjay', 26, '2018-01-24 11:43:39', NULL),
(471, 'Nagcarlan', 26, '2018-01-24 11:43:39', NULL),
(472, 'Paete', 26, '2018-01-24 11:43:39', NULL),
(473, 'Pagsanjan', 26, '2018-01-24 11:43:39', NULL),
(474, 'Pakil', 26, '2018-01-24 11:43:39', NULL),
(475, 'Pangil', 26, '2018-01-24 11:43:39', NULL),
(476, 'Pila', 26, '2018-01-24 11:43:39', NULL),
(477, 'San Pablo City', 26, '2018-01-24 11:43:39', NULL),
(478, 'San Pedro', 26, '2018-01-24 11:43:39', NULL),
(479, 'Santa Cruz (Capital)', 26, '2018-01-24 11:43:39', NULL),
(480, 'City Of Santa Rosa', 26, '2018-01-24 11:43:39', NULL),
(481, 'Siniloan', 26, '2018-01-24 11:43:39', NULL),
(482, 'Alabat', 27, '2018-01-24 11:43:39', NULL),
(483, 'Atimonan', 27, '2018-01-24 11:43:39', NULL),
(484, 'Buenavista', 27, '2018-01-24 11:43:39', NULL),
(485, 'Burdeos', 27, '2018-01-24 11:43:39', NULL),
(486, 'Calauag', 27, '2018-01-24 11:43:39', NULL),
(487, 'Catanauan', 27, '2018-01-24 11:43:39', NULL),
(488, 'General Luna', 27, '2018-01-24 11:43:39', NULL),
(489, 'General Nakar', 27, '2018-01-24 11:43:39', NULL),
(490, 'Guinayangan', 27, '2018-01-24 11:43:39', NULL),
(491, 'Gumaca', 27, '2018-01-24 11:43:39', NULL),
(492, 'Jomalig', 27, '2018-01-24 11:43:39', NULL),
(493, 'Lopez', 27, '2018-01-24 11:43:39', NULL),
(494, 'Lucban', 27, '2018-01-24 11:43:39', NULL),
(495, 'Lucena City (Capital)', 27, '2018-01-24 11:43:39', NULL),
(496, 'Macalelon', 27, '2018-01-24 11:43:39', NULL),
(497, 'Mauban', 27, '2018-01-24 11:43:39', NULL),
(498, 'Mulanay', 27, '2018-01-24 11:43:39', NULL),
(499, 'Padre Burgos', 27, '2018-01-24 11:43:39', NULL),
(500, 'Pagbilao', 27, '2018-01-24 11:43:39', NULL),
(501, 'Panukulan', 27, '2018-01-24 11:43:39', NULL),
(502, 'Patnanungan', 27, '2018-01-24 11:43:39', NULL),
(503, 'Perez', 27, '2018-01-24 11:43:39', NULL),
(504, 'Pitogo', 27, '2018-01-24 11:43:39', NULL),
(505, 'Polillo', 27, '2018-01-24 11:43:39', NULL),
(506, 'Real', 27, '2018-01-24 11:43:39', NULL),
(507, 'Sampaloc', 27, '2018-01-24 11:43:39', NULL),
(508, 'San Andres', 27, '2018-01-24 11:43:39', NULL),
(509, 'San Francisco (Aurora)', 27, '2018-01-24 11:43:39', NULL),
(510, 'Sariaya', 27, '2018-01-24 11:43:39', NULL),
(511, 'Tagkawayan', 27, '2018-01-24 11:43:39', NULL),
(512, 'City Of Tayabas', 27, '2018-01-24 11:43:39', NULL),
(513, 'Tiaong', 27, '2018-01-24 11:43:39', NULL),
(514, 'Unisan', 27, '2018-01-24 11:43:39', NULL),
(515, 'City Of Antipolo', 28, '2018-01-24 11:43:39', NULL),
(516, 'Baras', 28, '2018-01-24 11:43:39', NULL),
(517, 'Binangonan', 28, '2018-01-24 11:43:39', NULL),
(518, 'Cainta', 28, '2018-01-24 11:43:39', NULL),
(519, 'Cardona', 28, '2018-01-24 11:43:39', NULL),
(520, 'Jala-Jala', 28, '2018-01-24 11:43:39', NULL),
(521, 'Rodriguez (Montalban)', 28, '2018-01-24 11:43:39', NULL),
(522, 'Pililla', 28, '2018-01-24 11:43:39', NULL),
(523, 'Tanay', 28, '2018-01-24 11:43:39', NULL),
(524, 'Taytay', 28, '2018-01-24 11:43:39', NULL),
(525, 'Teresa', 28, '2018-01-24 11:43:39', NULL),
(526, 'Agoncillo', 24, '2018-01-24 11:43:39', NULL),
(527, 'Alfonso', 25, '2018-01-24 11:43:39', NULL),
(528, 'Alaminos', 26, '2018-01-24 11:43:39', NULL),
(529, 'Agdangan', 27, '2018-01-24 11:43:39', NULL),
(530, 'Angono', 28, '2018-01-24 11:43:39', NULL),
(531, 'Gasan', 29, '2018-01-24 11:43:39', NULL),
(532, 'Mogpog', 29, '2018-01-24 11:43:39', NULL),
(533, 'Torrijos', 29, '2018-01-24 11:43:39', NULL),
(534, 'Calintaan', 30, '2018-01-24 11:43:39', NULL),
(535, 'Looc', 30, '2018-01-24 11:43:39', NULL),
(536, 'Lubang', 30, '2018-01-24 11:43:39', NULL),
(537, 'Magsaysay', 30, '2018-01-24 11:43:39', NULL),
(538, 'Mamburao (Capital)', 30, '2018-01-24 11:43:39', NULL),
(539, 'Paluan', 30, '2018-01-24 11:43:39', NULL),
(540, 'Sablayan', 30, '2018-01-24 11:43:39', NULL),
(541, 'Bansud', 31, '2018-01-24 11:43:39', NULL),
(542, 'Bongabong', 31, '2018-01-24 11:43:39', NULL),
(543, 'Bulalacao (San Pedro)', 31, '2018-01-24 11:43:39', NULL),
(544, 'City Of Calapan (Capital)', 31, '2018-01-24 11:43:39', NULL),
(545, 'Gloria', 31, '2018-01-24 11:43:39', NULL),
(546, 'Mansalay', 31, '2018-01-24 11:43:39', NULL),
(547, 'Naujan', 31, '2018-01-24 11:43:39', NULL),
(548, 'Pinamalayan', 31, '2018-01-24 11:43:39', NULL),
(549, 'Pola', 31, '2018-01-24 11:43:39', NULL),
(550, 'Puerto Galera', 31, '2018-01-24 11:43:39', NULL),
(551, 'San Teodoro', 31, '2018-01-24 11:43:39', NULL),
(552, 'Socorro', 31, '2018-01-24 11:43:39', NULL),
(553, 'Agutaya', 32, '2018-01-24 11:43:39', NULL),
(554, 'Araceli', 32, '2018-01-24 11:43:39', NULL),
(555, 'Balabac', 32, '2018-01-24 11:43:39', NULL),
(556, 'Bataraza', 32, '2018-01-24 11:43:39', NULL),
(557, 'Busuanga', 32, '2018-01-24 11:43:39', NULL),
(558, 'Cagayancillo', 32, '2018-01-24 11:43:39', NULL),
(559, 'Coron', 32, '2018-01-24 11:43:39', NULL),
(560, 'Cuyo', 32, '2018-01-24 11:43:39', NULL),
(561, 'Dumaran', 32, '2018-01-24 11:43:39', NULL),
(562, 'El Nido (Bacuit)', 32, '2018-01-24 11:43:39', NULL),
(563, 'Linapacan', 32, '2018-01-24 11:43:39', NULL),
(564, 'Narra', 32, '2018-01-24 11:43:39', NULL),
(565, 'Puerto Princesa City (Capital)', 32, '2018-01-24 11:43:39', NULL),
(566, 'Culion', 32, '2018-01-24 11:43:39', NULL),
(567, 'Rizal (Marcos)', 32, '2018-01-24 11:43:39', NULL),
(568, 'Sofronio Espaola', 32, '2018-01-24 11:43:39', NULL),
(569, 'Banton', 33, '2018-01-24 11:43:39', NULL),
(570, 'Cajidiocan', 33, '2018-01-24 11:43:39', NULL),
(571, 'Calatrava', 33, '2018-01-24 11:43:39', NULL),
(572, 'Corcuera', 33, '2018-01-24 11:43:39', NULL),
(573, 'Magdiwang', 33, '2018-01-24 11:43:39', NULL),
(574, 'Odiongan', 33, '2018-01-24 11:43:39', NULL),
(575, 'Romblon (Capital)', 33, '2018-01-24 11:43:39', NULL),
(576, 'San Fernando', 33, '2018-01-24 11:43:39', NULL),
(577, 'Ferrol', 33, '2018-01-24 11:43:39', NULL),
(578, 'Santa Maria (Imelda)', 33, '2018-01-24 11:43:39', NULL),
(579, 'Boac (Capital)', 29, '2018-01-24 11:43:39', NULL),
(580, 'Abra De Ilog', 30, '2018-01-24 11:43:39', NULL),
(581, 'Baco', 31, '2018-01-24 11:43:39', NULL),
(582, 'Aborlan', 32, '2018-01-24 11:43:39', NULL),
(583, 'Alcantara', 33, '2018-01-24 11:43:39', NULL),
(584, 'Camalig', 34, '2018-01-24 11:43:39', NULL),
(585, 'Daraga (Locsin)', 34, '2018-01-24 11:43:39', NULL),
(586, 'Guinobatan', 34, '2018-01-24 11:43:39', NULL),
(587, 'Jovellar', 34, '2018-01-24 11:43:39', NULL),
(588, 'Legazpi City (Capital)', 34, '2018-01-24 11:43:39', NULL),
(589, 'Libon', 34, '2018-01-24 11:43:39', NULL),
(590, 'City Of Ligao', 34, '2018-01-24 11:43:39', NULL),
(591, 'Malilipot', 34, '2018-01-24 11:43:39', NULL),
(592, 'Malinao', 34, '2018-01-24 11:43:39', NULL),
(593, 'Manito', 34, '2018-01-24 11:43:39', NULL),
(594, 'Oas', 34, '2018-01-24 11:43:39', NULL),
(595, 'Pio Duran', 34, '2018-01-24 11:43:39', NULL),
(596, 'Polangui', 34, '2018-01-24 11:43:39', NULL),
(597, 'Rapu-Rapu', 34, '2018-01-24 11:43:39', NULL),
(598, 'Santo Domingo (Libog)', 34, '2018-01-24 11:43:39', NULL),
(599, 'City Of Tabaco', 34, '2018-01-24 11:43:39', NULL),
(600, 'Tiwi', 34, '2018-01-24 11:43:39', NULL),
(601, 'Capalonga', 35, '2018-01-24 11:43:39', NULL),
(602, 'Daet (Capital)', 35, '2018-01-24 11:43:39', NULL),
(603, 'San Lorenzo Ruiz (Imelda)', 35, '2018-01-24 11:43:39', NULL),
(604, 'Jose Panganiban', 35, '2018-01-24 11:43:39', NULL),
(605, 'Labo', 35, '2018-01-24 11:43:39', NULL),
(606, 'Mercedes', 35, '2018-01-24 11:43:39', NULL),
(607, 'Paracale', 35, '2018-01-24 11:43:39', NULL),
(608, 'Santa Elena', 35, '2018-01-24 11:43:39', NULL),
(609, 'Vinzons', 35, '2018-01-24 11:43:39', NULL),
(610, 'Balatan', 36, '2018-01-24 11:43:39', NULL),
(611, 'Bato', 36, '2018-01-24 11:43:39', NULL),
(612, 'Bombon', 36, '2018-01-24 11:43:39', NULL),
(613, 'Buhi', 36, '2018-01-24 11:43:39', NULL),
(614, 'Bula', 36, '2018-01-24 11:43:39', NULL),
(615, 'Cabusao', 36, '2018-01-24 11:43:39', NULL),
(616, 'Calabanga', 36, '2018-01-24 11:43:39', NULL),
(617, 'Camaligan', 36, '2018-01-24 11:43:39', NULL),
(618, 'Canaman', 36, '2018-01-24 11:43:39', NULL),
(619, 'Caramoan', 36, '2018-01-24 11:43:39', NULL),
(620, 'Del Gallego', 36, '2018-01-24 11:43:39', NULL),
(621, 'Gainza', 36, '2018-01-24 11:43:39', NULL),
(622, 'Garchitorena', 36, '2018-01-24 11:43:39', NULL),
(623, 'Goa', 36, '2018-01-24 11:43:39', NULL),
(624, 'Iriga City', 36, '2018-01-24 11:43:39', NULL),
(625, 'Lagonoy', 36, '2018-01-24 11:43:39', NULL),
(626, 'Libmanan', 36, '2018-01-24 11:43:39', NULL),
(627, 'Lupi', 36, '2018-01-24 11:43:39', NULL),
(628, 'Magarao', 36, '2018-01-24 11:43:39', NULL),
(629, 'Milaor', 36, '2018-01-24 11:43:39', NULL),
(630, 'Minalabac', 36, '2018-01-24 11:43:39', NULL),
(631, 'Nabua', 36, '2018-01-24 11:43:39', NULL),
(632, 'Naga City', 36, '2018-01-24 11:43:39', NULL),
(633, 'Ocampo', 36, '2018-01-24 11:43:39', NULL),
(634, 'Pasacao', 36, '2018-01-24 11:43:39', NULL),
(635, 'Pili (Capital)', 36, '2018-01-24 11:43:39', NULL),
(636, 'Presentacion (Parubcan)', 36, '2018-01-24 11:43:39', NULL),
(637, 'Ragay', 36, '2018-01-24 11:43:39', NULL),
(638, 'Sagay', 36, '2018-01-24 11:43:39', NULL),
(639, 'Sipocot', 36, '2018-01-24 11:43:39', NULL),
(640, 'Siruma', 36, '2018-01-24 11:43:39', NULL),
(641, 'Tigaon', 36, '2018-01-24 11:43:39', NULL),
(642, 'Tinambac', 36, '2018-01-24 11:43:39', NULL),
(643, 'Caramoran', 37, '2018-01-24 11:43:39', NULL),
(644, 'Gigmoto', 37, '2018-01-24 11:43:39', NULL),
(645, 'Pandan', 37, '2018-01-24 11:43:39', NULL),
(646, 'Panganiban (Payo)', 37, '2018-01-24 11:43:39', NULL),
(647, 'San Andres (Calolbon)', 37, '2018-01-24 11:43:39', NULL),
(648, 'Viga', 37, '2018-01-24 11:43:39', NULL),
(649, 'Virac (Capital)', 37, '2018-01-24 11:43:39', NULL),
(650, 'Baleno', 38, '2018-01-24 11:43:39', NULL),
(651, 'Balud', 38, '2018-01-24 11:43:39', NULL),
(652, 'Batuan', 38, '2018-01-24 11:43:39', NULL),
(653, 'Cataingan', 38, '2018-01-24 11:43:39', NULL),
(654, 'Cawayan', 38, '2018-01-24 11:43:39', NULL),
(655, 'Dimasalang', 38, '2018-01-24 11:43:39', NULL),
(656, 'Esperanza', 38, '2018-01-24 11:43:39', NULL),
(657, 'Mandaon', 38, '2018-01-24 11:43:39', NULL),
(658, 'City Of Masbate (Capital)', 38, '2018-01-24 11:43:39', NULL),
(659, 'Milagros', 38, '2018-01-24 11:43:39', NULL),
(660, 'Mobo', 38, '2018-01-24 11:43:39', NULL),
(661, 'Monreal', 38, '2018-01-24 11:43:39', NULL),
(662, 'Palanas', 38, '2018-01-24 11:43:39', NULL),
(663, 'Pio V. Corpuz (Limbuhan)', 38, '2018-01-24 11:43:39', NULL),
(664, 'Placer', 38, '2018-01-24 11:43:39', NULL),
(665, 'Uson', 38, '2018-01-24 11:43:39', NULL),
(666, 'Bulan', 39, '2018-01-24 11:43:39', NULL),
(667, 'Bulusan', 39, '2018-01-24 11:43:39', NULL),
(668, 'Castilla', 39, '2018-01-24 11:43:39', NULL),
(669, 'Donsol', 39, '2018-01-24 11:43:39', NULL),
(670, 'Gubat', 39, '2018-01-24 11:43:39', NULL),
(671, 'Irosin', 39, '2018-01-24 11:43:39', NULL),
(672, 'Juban', 39, '2018-01-24 11:43:39', NULL),
(673, 'Matnog', 39, '2018-01-24 11:43:39', NULL),
(674, 'Prieto Diaz', 39, '2018-01-24 11:43:39', NULL),
(675, 'Santa Magdalena', 39, '2018-01-24 11:43:39', NULL),
(676, 'City Of Sorsogon (Capital)', 39, '2018-01-24 11:43:39', NULL),
(677, 'Bacacay', 34, '2018-01-24 11:43:39', NULL),
(678, 'Basud', 35, '2018-01-24 11:43:39', NULL),
(679, 'Baao', 36, '2018-01-24 11:43:39', NULL),
(680, 'Bagamanoc', 37, '2018-01-24 11:43:39', NULL),
(681, 'Aroroy', 38, '2018-01-24 11:43:39', NULL),
(682, 'Barcelona', 39, '2018-01-24 11:43:39', NULL),
(683, 'Banga', 40, '2018-01-24 11:43:39', NULL),
(684, 'Batan', 40, '2018-01-24 11:43:39', NULL),
(685, 'Buruanga', 40, '2018-01-24 11:43:39', NULL),
(686, 'Ibajay', 40, '2018-01-24 11:43:39', NULL),
(687, 'Kalibo (Capital)', 40, '2018-01-24 11:43:39', NULL),
(688, 'Lezo', 40, '2018-01-24 11:43:39', NULL),
(689, 'Libacao', 40, '2018-01-24 11:43:39', NULL),
(690, 'Madalag', 40, '2018-01-24 11:43:39', NULL),
(691, 'Makato', 40, '2018-01-24 11:43:39', NULL),
(692, 'Malay', 40, '2018-01-24 11:43:39', NULL),
(693, 'Nabas', 40, '2018-01-24 11:43:39', NULL),
(694, 'New Washington', 40, '2018-01-24 11:43:39', NULL),
(695, 'Numancia', 40, '2018-01-24 11:43:39', NULL),
(696, 'Tangalan', 40, '2018-01-24 11:43:39', NULL),
(697, 'Barbaza', 41, '2018-01-24 11:43:39', NULL),
(698, 'Belison', 41, '2018-01-24 11:43:39', NULL),
(699, 'Bugasong', 41, '2018-01-24 11:43:39', NULL),
(700, 'Caluya', 41, '2018-01-24 11:43:39', NULL),
(701, 'Culasi', 41, '2018-01-24 11:43:39', NULL),
(702, 'Tobias Fornier (Dao)', 41, '2018-01-24 11:43:39', NULL),
(703, 'Hamtic', 41, '2018-01-24 11:43:39', NULL),
(704, 'Laua-An', 41, '2018-01-24 11:43:39', NULL),
(705, 'Libertad', 41, '2018-01-24 11:43:39', NULL),
(706, 'Patnongon', 41, '2018-01-24 11:43:39', NULL),
(707, 'San Jose (Capital)', 41, '2018-01-24 11:43:39', NULL),
(708, 'San Remigio', 41, '2018-01-24 11:43:39', NULL),
(709, 'Sebaste', 41, '2018-01-24 11:43:39', NULL),
(710, 'Sibalom', 41, '2018-01-24 11:43:39', NULL),
(711, 'Tibiao', 41, '2018-01-24 11:43:39', NULL),
(712, 'Valderrama', 41, '2018-01-24 11:43:39', NULL),
(713, 'Dao', 42, '2018-01-24 11:43:39', NULL),
(714, 'Dumalag', 42, '2018-01-24 11:43:39', NULL),
(715, 'Dumarao', 42, '2018-01-24 11:43:39', NULL),
(716, 'Ivisan', 42, '2018-01-24 11:43:39', NULL),
(717, 'Jamindan', 42, '2018-01-24 11:43:39', NULL),
(718, 'Ma-Ayon', 42, '2018-01-24 11:43:39', NULL),
(719, 'Mambusao', 42, '2018-01-24 11:43:39', NULL),
(720, 'Panay', 42, '2018-01-24 11:43:39', NULL),
(721, 'Panitan', 42, '2018-01-24 11:43:39', NULL),
(722, 'Pontevedra', 42, '2018-01-24 11:43:39', NULL),
(723, 'President Roxas', 42, '2018-01-24 11:43:39', NULL),
(724, 'Roxas City (Capital)', 42, '2018-01-24 11:43:39', NULL),
(725, 'Sapi-An', 42, '2018-01-24 11:43:39', NULL),
(726, 'Sigma', 42, '2018-01-24 11:43:39', NULL),
(727, 'Tapaz', 42, '2018-01-24 11:43:39', NULL),
(728, 'Jordan (Capital)', 43, '2018-01-24 11:43:39', NULL),
(729, 'Nueva Valencia', 43, '2018-01-24 11:43:39', NULL),
(730, 'San Lorenzo', 43, '2018-01-24 11:43:39', NULL),
(731, 'Sibunag', 43, '2018-01-24 11:43:39', NULL),
(732, 'Alimodian', 44, '2018-01-24 11:43:39', NULL),
(733, 'Anilao', 44, '2018-01-24 11:43:39', NULL),
(734, 'Badiangan', 44, '2018-01-24 11:43:39', NULL),
(735, 'Balasan', 44, '2018-01-24 11:43:39', NULL),
(736, 'Banate', 44, '2018-01-24 11:43:39', NULL),
(737, 'Barotac Nuevo', 44, '2018-01-24 11:43:39', NULL),
(738, 'Barotac Viejo', 44, '2018-01-24 11:43:39', NULL),
(739, 'Batad', 44, '2018-01-24 11:43:39', NULL),
(740, 'Bingawan', 44, '2018-01-24 11:43:39', NULL),
(741, 'Calinog', 44, '2018-01-24 11:43:39', NULL),
(742, 'Carles', 44, '2018-01-24 11:43:39', NULL),
(743, 'Dingle', 44, '2018-01-24 11:43:39', NULL),
(744, 'Dueas', 44, '2018-01-24 11:43:39', NULL),
(745, 'Dumangas', 44, '2018-01-24 11:43:39', NULL),
(746, 'Estancia', 44, '2018-01-24 11:43:39', NULL),
(747, 'Guimbal', 44, '2018-01-24 11:43:39', NULL),
(748, 'Igbaras', 44, '2018-01-24 11:43:39', NULL),
(749, 'Iloilo City (Capital)', 44, '2018-01-24 11:43:39', NULL),
(750, 'Janiuay', 44, '2018-01-24 11:43:39', NULL),
(751, 'Lambunao', 44, '2018-01-24 11:43:39', NULL),
(752, 'Leganes', 44, '2018-01-24 11:43:39', NULL),
(753, 'Leon', 44, '2018-01-24 11:43:39', NULL),
(754, 'Maasin', 44, '2018-01-24 11:43:39', NULL),
(755, 'Miagao', 44, '2018-01-24 11:43:39', NULL),
(756, 'Mina', 44, '2018-01-24 11:43:39', NULL),
(757, 'New Lucena', 44, '2018-01-24 11:43:39', NULL),
(758, 'Oton', 44, '2018-01-24 11:43:39', NULL),
(759, 'City Of Passi', 44, '2018-01-24 11:43:39', NULL),
(760, 'Pavia', 44, '2018-01-24 11:43:39', NULL),
(761, 'Pototan', 44, '2018-01-24 11:43:39', NULL),
(762, 'San Dionisio', 44, '2018-01-24 11:43:39', NULL),
(763, 'San Enrique', 44, '2018-01-24 11:43:39', NULL),
(764, 'San Joaquin', 44, '2018-01-24 11:43:39', NULL),
(765, 'Sara', 44, '2018-01-24 11:43:39', NULL),
(766, 'Tigbauan', 44, '2018-01-24 11:43:39', NULL),
(767, 'Tubungan', 44, '2018-01-24 11:43:39', NULL),
(768, 'Zarraga', 44, '2018-01-24 11:43:39', NULL),
(769, 'Bago City', 45, '2018-01-24 11:43:39', NULL),
(770, 'Binalbagan', 45, '2018-01-24 11:43:39', NULL),
(771, 'Cadiz City', 45, '2018-01-24 11:43:39', NULL),
(772, 'Candoni', 45, '2018-01-24 11:43:39', NULL),
(773, 'Cauayan', 45, '2018-01-24 11:43:39', NULL),
(774, 'Enrique B. Magalona (Saravia)', 45, '2018-01-24 11:43:39', NULL),
(775, 'City Of Escalante', 45, '2018-01-24 11:43:39', NULL),
(776, 'City Of Himamaylan', 45, '2018-01-24 11:43:39', NULL),
(777, 'Hinigaran', 45, '2018-01-24 11:43:39', NULL),
(778, 'Hinoba-An (Asia)', 45, '2018-01-24 11:43:39', NULL),
(779, 'Ilog', 45, '2018-01-24 11:43:39', NULL),
(780, 'Isabela', 45, '2018-01-24 11:43:39', NULL),
(781, 'City Of Kabankalan', 45, '2018-01-24 11:43:39', NULL),
(782, 'La Carlota City', 45, '2018-01-24 11:43:39', NULL),
(783, 'La Castellana', 45, '2018-01-24 11:43:39', NULL),
(784, 'Manapla', 45, '2018-01-24 11:43:39', NULL),
(785, 'Moises Padilla (Magallon)', 45, '2018-01-24 11:43:39', NULL),
(786, 'Murcia', 45, '2018-01-24 11:43:39', NULL),
(787, 'Pulupandan', 45, '2018-01-24 11:43:39', NULL),
(788, 'Sagay City', 45, '2018-01-24 11:43:39', NULL),
(789, 'Silay City', 45, '2018-01-24 11:43:39', NULL),
(790, 'City Of Sipalay', 45, '2018-01-24 11:43:39', NULL),
(791, 'City Of Talisay', 45, '2018-01-24 11:43:39', NULL),
(792, 'Toboso', 45, '2018-01-24 11:43:39', NULL),
(793, 'Valladolid', 45, '2018-01-24 11:43:39', NULL),
(794, 'City Of Victorias', 45, '2018-01-24 11:43:39', NULL),
(795, 'Salvador Benedicto', 45, '2018-01-24 11:43:39', NULL),
(796, 'Altavas', 40, '2018-01-24 11:43:39', NULL),
(797, 'Anini-y', 41, '2018-01-24 11:43:39', NULL),
(798, 'Cuartero', 42, '2018-01-24 11:43:39', NULL),
(799, 'Ajuy', 44, '2018-01-24 11:43:39', NULL),
(800, 'Bacolod City (Capital)', 45, '2018-01-24 11:43:39', NULL),
(801, 'Antequera', 46, '2018-01-24 11:43:39', NULL),
(802, 'Baclayon', 46, '2018-01-24 11:43:39', NULL),
(803, 'Balilihan', 46, '2018-01-24 11:43:39', NULL),
(804, 'Bilar', 46, '2018-01-24 11:43:39', NULL),
(805, 'Calape', 46, '2018-01-24 11:43:39', NULL),
(806, 'Candijay', 46, '2018-01-24 11:43:39', NULL),
(807, 'Carmen', 46, '2018-01-24 11:43:39', NULL),
(808, 'Catigbian', 46, '2018-01-24 11:43:39', NULL),
(809, 'Clarin', 46, '2018-01-24 11:43:39', NULL),
(810, 'Corella', 46, '2018-01-24 11:43:39', NULL),
(811, 'Cortes', 46, '2018-01-24 11:43:39', NULL),
(812, 'Dagohoy', 46, '2018-01-24 11:43:39', NULL),
(813, 'Danao', 46, '2018-01-24 11:43:39', NULL),
(814, 'Dauis', 46, '2018-01-24 11:43:39', NULL),
(815, 'Dimiao', 46, '2018-01-24 11:43:39', NULL),
(816, 'Duero', 46, '2018-01-24 11:43:39', NULL),
(817, 'Garcia Hernandez', 46, '2018-01-24 11:43:39', NULL),
(818, 'Guindulman', 46, '2018-01-24 11:43:39', NULL),
(819, 'Inabanga', 46, '2018-01-24 11:43:39', NULL),
(820, 'Jagna', 46, '2018-01-24 11:43:39', NULL),
(821, 'Getafe', 46, '2018-01-24 11:43:39', NULL),
(822, 'Lila', 46, '2018-01-24 11:43:39', NULL),
(823, 'Loay', 46, '2018-01-24 11:43:39', NULL),
(824, 'Loboc', 46, '2018-01-24 11:43:39', NULL),
(825, 'Loon', 46, '2018-01-24 11:43:39', NULL),
(826, 'Maribojoc', 46, '2018-01-24 11:43:39', NULL),
(827, 'Panglao', 46, '2018-01-24 11:43:39', NULL),
(828, 'Pres. Carlos P. Garcia (Pitogo)', 46, '2018-01-24 11:43:39', NULL),
(829, 'Sagbayan (Borja)', 46, '2018-01-24 11:43:39', NULL),
(830, 'Sevilla', 46, '2018-01-24 11:43:39', NULL),
(831, 'Sierra Bullones', 46, '2018-01-24 11:43:39', NULL),
(832, 'Sikatuna', 46, '2018-01-24 11:43:39', NULL),
(833, 'Tagbilaran City (Capital)', 46, '2018-01-24 11:43:39', NULL),
(834, 'Talibon', 46, '2018-01-24 11:43:39', NULL),
(835, 'Trinidad', 46, '2018-01-24 11:43:39', NULL),
(836, 'Tubigon', 46, '2018-01-24 11:43:39', NULL),
(837, 'Ubay', 46, '2018-01-24 11:43:39', NULL),
(838, 'Valencia', 46, '2018-01-24 11:43:39', NULL),
(839, 'Bien Unido', 46, '2018-01-24 11:43:39', NULL),
(840, 'Alcoy', 47, '2018-01-24 11:43:39', NULL),
(841, 'Alegria', 47, '2018-01-24 11:43:39', NULL),
(842, 'Aloguinsan', 47, '2018-01-24 11:43:39', NULL),
(843, 'Argao', 47, '2018-01-24 11:43:39', NULL),
(844, 'Asturias', 47, '2018-01-24 11:43:39', NULL),
(845, 'Badian', 47, '2018-01-24 11:43:39', NULL),
(846, 'Balamban', 47, '2018-01-24 11:43:39', NULL),
(847, 'Bantayan', 47, '2018-01-24 11:43:39', NULL),
(848, 'Barili', 47, '2018-01-24 11:43:39', NULL),
(849, 'City Of Bogo', 47, '2018-01-24 11:43:39', NULL),
(850, 'Boljoon', 47, '2018-01-24 11:43:39', NULL),
(851, 'Borbon', 47, '2018-01-24 11:43:39', NULL),
(852, 'City Of Carcar', 47, '2018-01-24 11:43:39', NULL),
(853, 'Catmon', 47, '2018-01-24 11:43:39', NULL),
(854, 'Cebu City (Capital)', 47, '2018-01-24 11:43:39', NULL),
(855, 'Compostela', 47, '2018-01-24 11:43:39', NULL),
(856, 'Consolacion', 47, '2018-01-24 11:43:39', NULL),
(857, 'Cordoba', 47, '2018-01-24 11:43:39', NULL),
(858, 'Daanbantayan', 47, '2018-01-24 11:43:39', NULL),
(859, 'Dalaguete', 47, '2018-01-24 11:43:39', NULL),
(860, 'Danao City', 47, '2018-01-24 11:43:39', NULL),
(861, 'Dumanjug', 47, '2018-01-24 11:43:39', NULL),
(862, 'Ginatilan', 47, '2018-01-24 11:43:39', NULL),
(863, 'Lapu-Lapu City (Opon)', 47, '2018-01-24 11:43:39', NULL),
(864, 'Liloan', 47, '2018-01-24 11:43:39', NULL),
(865, 'Madridejos', 47, '2018-01-24 11:43:39', NULL),
(866, 'Malabuyoc', 47, '2018-01-24 11:43:39', NULL),
(867, 'Mandaue City', 47, '2018-01-24 11:43:39', NULL),
(868, 'Medellin', 47, '2018-01-24 11:43:39', NULL),
(869, 'Minglanilla', 47, '2018-01-24 11:43:39', NULL),
(870, 'Moalboal', 47, '2018-01-24 11:43:39', NULL),
(871, 'City Of Naga', 47, '2018-01-24 11:43:39', NULL),
(872, 'Oslob', 47, '2018-01-24 11:43:39', NULL),
(873, 'Pinamungahan', 47, '2018-01-24 11:43:39', NULL),
(874, 'Poro', 47, '2018-01-24 11:43:39', NULL),
(875, 'Ronda', 47, '2018-01-24 11:43:39', NULL),
(876, 'Samboan', 47, '2018-01-24 11:43:39', NULL),
(877, 'San Francisco', 47, '2018-01-24 11:43:39', NULL),
(878, 'Santander', 47, '2018-01-24 11:43:39', NULL),
(879, 'Sibonga', 47, '2018-01-24 11:43:39', NULL),
(880, 'Sogod', 47, '2018-01-24 11:43:39', NULL),
(881, 'Tabogon', 47, '2018-01-24 11:43:39', NULL),
(882, 'Tabuelan', 47, '2018-01-24 11:43:39', NULL),
(883, 'Toledo City', 47, '2018-01-24 11:43:39', NULL),
(884, 'Tuburan', 47, '2018-01-24 11:43:39', NULL),
(885, 'Tudela', 47, '2018-01-24 11:43:39', NULL),
(886, 'Ayungon', 48, '2018-01-24 11:43:39', NULL),
(887, 'Bacong', 48, '2018-01-24 11:43:39', NULL),
(888, 'Bais City', 48, '2018-01-24 11:43:39', NULL),
(889, 'Basay', 48, '2018-01-24 11:43:39', NULL),
(890, 'City Of Bayawan (Tulong)', 48, '2018-01-24 11:43:39', NULL),
(891, 'Bindoy (Payabon)', 48, '2018-01-24 11:43:39', NULL),
(892, 'Canlaon City', 48, '2018-01-24 11:43:39', NULL),
(893, 'Dauin', 48, '2018-01-24 11:43:39', NULL),
(894, 'Dumaguete City (Capital)', 48, '2018-01-24 11:43:39', NULL),
(895, 'City Of Guihulngan', 48, '2018-01-24 11:43:39', NULL),
(896, 'Jimalalud', 48, '2018-01-24 11:43:39', NULL),
(897, 'La Libertad', 48, '2018-01-24 11:43:39', NULL),
(898, 'Mabinay', 48, '2018-01-24 11:43:39', NULL),
(899, 'Manjuyod', 48, '2018-01-24 11:43:39', NULL),
(900, 'Siaton', 48, '2018-01-24 11:43:39', NULL),
(901, 'Sibulan', 48, '2018-01-24 11:43:39', NULL),
(902, 'City Of Tanjay', 48, '2018-01-24 11:43:39', NULL),
(903, 'Tayasan', 48, '2018-01-24 11:43:39', NULL),
(904, 'Valencia (Luzurriaga)', 48, '2018-01-24 11:43:39', NULL),
(905, 'Vallehermoso', 48, '2018-01-24 11:43:39', NULL),
(906, 'Zamboanguita', 48, '2018-01-24 11:43:39', NULL),
(907, 'Larena', 49, '2018-01-24 11:43:39', NULL),
(908, 'Lazi', 49, '2018-01-24 11:43:39', NULL),
(909, 'Maria', 49, '2018-01-24 11:43:39', NULL),
(910, 'Siquijor (Capital)', 49, '2018-01-24 11:43:39', NULL),
(911, 'Alburquerque', 46, '2018-01-24 11:43:39', NULL),
(912, 'Amlan (Ayuquitan)', 48, '2018-01-24 11:43:39', NULL),
(913, 'Enrique Villanueva', 49, '2018-01-24 11:43:39', NULL),
(914, 'Biliran', 50, '2018-01-24 11:43:39', NULL),
(915, 'Cabucgayan', 50, '2018-01-24 11:43:39', NULL),
(916, 'Caibiran', 50, '2018-01-24 11:43:39', NULL),
(917, 'Culaba', 50, '2018-01-24 11:43:39', NULL),
(918, 'Kawayan', 50, '2018-01-24 11:43:39', NULL),
(919, 'Maripipi', 50, '2018-01-24 11:43:39', NULL),
(920, 'Naval (Capital)', 50, '2018-01-24 11:43:39', NULL),
(921, 'Balangiga', 51, '2018-01-24 11:43:39', NULL),
(922, 'Balangkayan', 51, '2018-01-24 11:43:39', NULL),
(923, 'City Of Borongan (Capital)', 51, '2018-01-24 11:43:39', NULL),
(924, 'Can-Avid', 51, '2018-01-24 11:43:39', NULL),
(925, 'General Macarthur', 51, '2018-01-24 11:43:39', NULL),
(926, 'Giporlos', 51, '2018-01-24 11:43:39', NULL),
(927, 'Guiuan', 51, '2018-01-24 11:43:39', NULL),
(928, 'Hernani', 51, '2018-01-24 11:43:39', NULL),
(929, 'Jipapad', 51, '2018-01-24 11:43:39', NULL),
(930, 'Lawaan', 51, '2018-01-24 11:43:39', NULL),
(931, 'Llorente', 51, '2018-01-24 11:43:39', NULL),
(932, 'Maslog', 51, '2018-01-24 11:43:39', NULL),
(933, 'Maydolong', 51, '2018-01-24 11:43:39', NULL),
(934, 'Oras', 51, '2018-01-24 11:43:39', NULL),
(935, 'Quinapondan', 51, '2018-01-24 11:43:39', NULL),
(936, 'Salcedo', 51, '2018-01-24 11:43:39', NULL),
(937, 'San Julian', 51, '2018-01-24 11:43:39', NULL),
(938, 'San Policarpo', 51, '2018-01-24 11:43:39', NULL),
(939, 'Sulat', 51, '2018-01-24 11:43:39', NULL),
(940, 'Taft', 51, '2018-01-24 11:43:39', NULL),
(941, 'Alangalang', 52, '2018-01-24 11:43:39', NULL),
(942, 'Albuera', 52, '2018-01-24 11:43:39', NULL),
(943, 'Babatngon', 52, '2018-01-24 11:43:39', NULL),
(944, 'Barugo', 52, '2018-01-24 11:43:39', NULL),
(945, 'City Of Baybay', 52, '2018-01-24 11:43:39', NULL),
(946, 'Burauen', 52, '2018-01-24 11:43:39', NULL),
(947, 'Calubian', 52, '2018-01-24 11:43:39', NULL),
(948, 'Capoocan', 52, '2018-01-24 11:43:39', NULL),
(949, 'Carigara', 52, '2018-01-24 11:43:39', NULL),
(950, 'Dagami', 52, '2018-01-24 11:43:39', NULL),
(951, 'Dulag', 52, '2018-01-24 11:43:39', NULL),
(952, 'Hilongos', 52, '2018-01-24 11:43:39', NULL),
(953, 'Hindang', 52, '2018-01-24 11:43:39', NULL),
(954, 'Inopacan', 52, '2018-01-24 11:43:39', NULL),
(955, 'Isabel', 52, '2018-01-24 11:43:39', NULL),
(956, 'Jaro', 52, '2018-01-24 11:43:39', NULL),
(957, 'Javier (Bugho)', 52, '2018-01-24 11:43:39', NULL),
(958, 'Julita', 52, '2018-01-24 11:43:39', NULL),
(959, 'Kananga', 52, '2018-01-24 11:43:39', NULL),
(960, 'Leyte', 52, '2018-01-24 11:43:39', NULL),
(961, 'Macarthur', 52, '2018-01-24 11:43:39', NULL),
(962, 'Mahaplag', 52, '2018-01-24 11:43:39', NULL),
(963, 'Matag-Ob', 52, '2018-01-24 11:43:39', NULL),
(964, 'Matalom', 52, '2018-01-24 11:43:39', NULL),
(965, 'Mayorga', 52, '2018-01-24 11:43:39', NULL),
(966, 'Merida', 52, '2018-01-24 11:43:39', NULL),
(967, 'Ormoc City', 52, '2018-01-24 11:43:39', NULL),
(968, 'Palo', 52, '2018-01-24 11:43:39', NULL),
(969, 'Palompon', 52, '2018-01-24 11:43:39', NULL),
(970, 'Pastrana', 52, '2018-01-24 11:43:39', NULL),
(971, 'Tabango', 52, '2018-01-24 11:43:39', NULL),
(972, 'Tabontabon', 52, '2018-01-24 11:43:39', NULL),
(973, 'Tacloban City (Capital)', 52, '2018-01-24 11:43:39', NULL),
(974, 'Tanauan', 52, '2018-01-24 11:43:39', NULL),
(975, 'Tolosa', 52, '2018-01-24 11:43:39', NULL),
(976, 'Tunga', 52, '2018-01-24 11:43:39', NULL),
(977, 'Villaba', 52, '2018-01-24 11:43:39', NULL),
(978, 'Biri', 53, '2018-01-24 11:43:39', NULL),
(979, 'Bobon', 53, '2018-01-24 11:43:39', NULL),
(980, 'Capul', 53, '2018-01-24 11:43:39', NULL);
INSERT INTO `phil_city` (`city_id`, `city_name`, `province_id`, `creation_date`, `update_date`) VALUES
(981, 'Catarman (Capital)', 53, '2018-01-24 11:43:39', NULL),
(982, 'Catubig', 53, '2018-01-24 11:43:39', NULL),
(983, 'Gamay', 53, '2018-01-24 11:43:39', NULL),
(984, 'Laoang', 53, '2018-01-24 11:43:39', NULL),
(985, 'Lapinig', 53, '2018-01-24 11:43:39', NULL),
(986, 'Las Navas', 53, '2018-01-24 11:43:39', NULL),
(987, 'Lavezares', 53, '2018-01-24 11:43:39', NULL),
(988, 'Mapanas', 53, '2018-01-24 11:43:39', NULL),
(989, 'Mondragon', 53, '2018-01-24 11:43:39', NULL),
(990, 'Palapag', 53, '2018-01-24 11:43:39', NULL),
(991, 'Pambujan', 53, '2018-01-24 11:43:39', NULL),
(992, 'San Roque', 53, '2018-01-24 11:43:39', NULL),
(993, 'Silvino Lobos', 53, '2018-01-24 11:43:39', NULL),
(994, 'Lope De Vega', 53, '2018-01-24 11:43:39', NULL),
(995, 'Basey', 54, '2018-01-24 11:43:39', NULL),
(996, 'Calbayog City', 54, '2018-01-24 11:43:39', NULL),
(997, 'Calbiga', 54, '2018-01-24 11:43:39', NULL),
(998, 'City Of Catbalogan (Capital)', 54, '2018-01-24 11:43:39', NULL),
(999, 'Daram', 54, '2018-01-24 11:43:39', NULL),
(1000, 'Gandara', 54, '2018-01-24 11:43:39', NULL),
(1001, 'Hinabangan', 54, '2018-01-24 11:43:39', NULL),
(1002, 'Jiabong', 54, '2018-01-24 11:43:39', NULL),
(1003, 'Marabut', 54, '2018-01-24 11:43:39', NULL),
(1004, 'Matuguinao', 54, '2018-01-24 11:43:39', NULL),
(1005, 'Motiong', 54, '2018-01-24 11:43:39', NULL),
(1006, 'Pinabacdao', 54, '2018-01-24 11:43:39', NULL),
(1007, 'San Jose De Buan', 54, '2018-01-24 11:43:39', NULL),
(1008, 'San Sebastian', 54, '2018-01-24 11:43:39', NULL),
(1009, 'Santa Margarita', 54, '2018-01-24 11:43:39', NULL),
(1010, 'Santo Nio', 54, '2018-01-24 11:43:39', NULL),
(1011, 'Talalora', 54, '2018-01-24 11:43:39', NULL),
(1012, 'Tarangnan', 54, '2018-01-24 11:43:39', NULL),
(1013, 'Villareal', 54, '2018-01-24 11:43:39', NULL),
(1014, 'Paranas (Wright)', 54, '2018-01-24 11:43:39', NULL),
(1015, 'Zumarraga', 54, '2018-01-24 11:43:39', NULL),
(1016, 'Tagapul-An', 54, '2018-01-24 11:43:39', NULL),
(1017, 'San Jorge', 54, '2018-01-24 11:43:39', NULL),
(1018, 'Pagsanghan', 54, '2018-01-24 11:43:39', NULL),
(1019, 'Bontoc', 55, '2018-01-24 11:43:39', NULL),
(1020, 'Hinunangan', 55, '2018-01-24 11:43:39', NULL),
(1021, 'Hinundayan', 55, '2018-01-24 11:43:39', NULL),
(1022, 'Libagon', 55, '2018-01-24 11:43:39', NULL),
(1023, 'City Of Maasin (Capital)', 55, '2018-01-24 11:43:39', NULL),
(1024, 'Macrohon', 55, '2018-01-24 11:43:39', NULL),
(1025, 'Malitbog', 55, '2018-01-24 11:43:39', NULL),
(1026, 'Pintuyan', 55, '2018-01-24 11:43:39', NULL),
(1027, 'Saint Bernard', 55, '2018-01-24 11:43:39', NULL),
(1028, 'San Juan (Cabalian)', 55, '2018-01-24 11:43:39', NULL),
(1029, 'San Ricardo', 55, '2018-01-24 11:43:39', NULL),
(1030, 'Silago', 55, '2018-01-24 11:43:39', NULL),
(1031, 'Tomas Oppus', 55, '2018-01-24 11:43:39', NULL),
(1032, 'Limasawa', 55, '2018-01-24 11:43:39', NULL),
(1033, 'Almeria', 50, '2018-01-24 11:43:39', NULL),
(1034, 'Arteche', 51, '2018-01-24 11:43:39', NULL),
(1035, 'Abuyog', 52, '2018-01-24 11:43:39', NULL),
(1036, 'Allen', 53, '2018-01-24 11:43:39', NULL),
(1037, 'Almagro', 54, '2018-01-24 11:43:39', NULL),
(1038, 'Anahawan', 55, '2018-01-24 11:43:39', NULL),
(1039, 'Dipolog City (Capital)', 56, '2018-01-24 11:43:39', NULL),
(1040, 'Katipunan', 56, '2018-01-24 11:43:39', NULL),
(1041, 'Labason', 56, '2018-01-24 11:43:39', NULL),
(1042, 'Liloy', 56, '2018-01-24 11:43:39', NULL),
(1043, 'Manukan', 56, '2018-01-24 11:43:39', NULL),
(1044, 'Mutia', 56, '2018-01-24 11:43:39', NULL),
(1045, 'Pian (New Pian)', 56, '2018-01-24 11:43:39', NULL),
(1046, 'Polanco', 56, '2018-01-24 11:43:39', NULL),
(1047, 'Pres. Manuel A. Roxas', 56, '2018-01-24 11:43:39', NULL),
(1048, 'Salug', 56, '2018-01-24 11:43:39', NULL),
(1049, 'Sergio Osmea Sr.', 56, '2018-01-24 11:43:39', NULL),
(1050, 'Siayan', 56, '2018-01-24 11:43:39', NULL),
(1051, 'Sibuco', 56, '2018-01-24 11:43:39', NULL),
(1052, 'Sibutad', 56, '2018-01-24 11:43:39', NULL),
(1053, 'Sindangan', 56, '2018-01-24 11:43:39', NULL),
(1054, 'Siocon', 56, '2018-01-24 11:43:39', NULL),
(1055, 'Sirawai', 56, '2018-01-24 11:43:39', NULL),
(1056, 'Tampilisan', 56, '2018-01-24 11:43:39', NULL),
(1057, 'Jose Dalman (Ponot)', 56, '2018-01-24 11:43:39', NULL),
(1058, 'Gutalac', 56, '2018-01-24 11:43:39', NULL),
(1059, 'Baliguian', 56, '2018-01-24 11:43:39', NULL),
(1060, 'Godod', 56, '2018-01-24 11:43:39', NULL),
(1061, 'Bacungan (Leon T. Postigo)', 56, '2018-01-24 11:43:39', NULL),
(1062, 'Kalawit', 56, '2018-01-24 11:43:39', NULL),
(1063, 'Bayog', 57, '2018-01-24 11:43:39', NULL),
(1064, 'Dimataling', 57, '2018-01-24 11:43:39', NULL),
(1065, 'Dinas', 57, '2018-01-24 11:43:39', NULL),
(1066, 'Dumalinao', 57, '2018-01-24 11:43:39', NULL),
(1067, 'Dumingag', 57, '2018-01-24 11:43:39', NULL),
(1068, 'Kumalarang', 57, '2018-01-24 11:43:39', NULL),
(1069, 'Labangan', 57, '2018-01-24 11:43:39', NULL),
(1070, 'Lapuyan', 57, '2018-01-24 11:43:39', NULL),
(1071, 'Mahayag', 57, '2018-01-24 11:43:39', NULL),
(1072, 'Margosatubig', 57, '2018-01-24 11:43:39', NULL),
(1073, 'Midsalip', 57, '2018-01-24 11:43:39', NULL),
(1074, 'Molave', 57, '2018-01-24 11:43:39', NULL),
(1075, 'Pagadian City (Capital)', 57, '2018-01-24 11:43:39', NULL),
(1076, 'Ramon Magsaysay (Liargo)', 57, '2018-01-24 11:43:39', NULL),
(1077, 'Tabina', 57, '2018-01-24 11:43:39', NULL),
(1078, 'Tambulig', 57, '2018-01-24 11:43:39', NULL),
(1079, 'Tukuran', 57, '2018-01-24 11:43:39', NULL),
(1080, 'Zamboanga City', 57, '2018-01-24 11:43:39', NULL),
(1081, 'Lakewood', 57, '2018-01-24 11:43:39', NULL),
(1082, 'Josefina', 57, '2018-01-24 11:43:39', NULL),
(1083, 'Sominot (Don Mariano Marcos)', 57, '2018-01-24 11:43:39', NULL),
(1084, 'Vincenzo A. Sagun', 57, '2018-01-24 11:43:39', NULL),
(1085, 'Guipos', 57, '2018-01-24 11:43:39', NULL),
(1086, 'Tigbao', 57, '2018-01-24 11:43:39', NULL),
(1087, 'Buug', 58, '2018-01-24 11:43:39', NULL),
(1088, 'Diplahan', 58, '2018-01-24 11:43:39', NULL),
(1089, 'Imelda', 58, '2018-01-24 11:43:39', NULL),
(1090, 'Ipil (Capital)', 58, '2018-01-24 11:43:39', NULL),
(1091, 'Kabasalan', 58, '2018-01-24 11:43:39', NULL),
(1092, 'Mabuhay', 58, '2018-01-24 11:43:39', NULL),
(1093, 'Malangas', 58, '2018-01-24 11:43:39', NULL),
(1094, 'Naga', 58, '2018-01-24 11:43:39', NULL),
(1095, 'Olutanga', 58, '2018-01-24 11:43:39', NULL),
(1096, 'Payao', 58, '2018-01-24 11:43:39', NULL),
(1097, 'Roseller Lim', 58, '2018-01-24 11:43:39', NULL),
(1098, 'Siay', 58, '2018-01-24 11:43:39', NULL),
(1099, 'Talusan', 58, '2018-01-24 11:43:39', NULL),
(1100, 'Titay', 58, '2018-01-24 11:43:39', NULL),
(1101, 'Tungawan', 58, '2018-01-24 11:43:39', NULL),
(1102, 'City Of Isabela (Capital)', 59, '2018-01-24 11:43:39', NULL),
(1103, 'Dapitan City', 56, '2018-01-24 11:43:39', NULL),
(1104, 'Damulog', 60, '2018-01-24 11:43:39', NULL),
(1105, 'Dangcagan', 60, '2018-01-24 11:43:39', NULL),
(1106, 'Don Carlos', 60, '2018-01-24 11:43:39', NULL),
(1107, 'Impasug-Ong', 60, '2018-01-24 11:43:39', NULL),
(1108, 'Kadingilan', 60, '2018-01-24 11:43:39', NULL),
(1109, 'Kalilangan', 60, '2018-01-24 11:43:39', NULL),
(1110, 'Kibawe', 60, '2018-01-24 11:43:39', NULL),
(1111, 'Kitaotao', 60, '2018-01-24 11:43:39', NULL),
(1112, 'Lantapan', 60, '2018-01-24 11:43:39', NULL),
(1113, 'Libona', 60, '2018-01-24 11:43:39', NULL),
(1114, 'City Of Malaybalay (Capital)', 60, '2018-01-24 11:43:39', NULL),
(1115, 'Manolo Fortich', 60, '2018-01-24 11:43:39', NULL),
(1116, 'Maramag', 60, '2018-01-24 11:43:39', NULL),
(1117, 'Pangantucan', 60, '2018-01-24 11:43:39', NULL),
(1118, 'Sumilao', 60, '2018-01-24 11:43:39', NULL),
(1119, 'Talakag', 60, '2018-01-24 11:43:39', NULL),
(1120, 'City Of Valencia', 60, '2018-01-24 11:43:39', NULL),
(1121, 'Cabanglasan', 60, '2018-01-24 11:43:39', NULL),
(1122, 'Guinsiliban', 61, '2018-01-24 11:43:39', NULL),
(1123, 'Mahinog', 61, '2018-01-24 11:43:39', NULL),
(1124, 'Mambajao (Capital)', 61, '2018-01-24 11:43:39', NULL),
(1125, 'Sagay', 61, '2018-01-24 11:43:39', NULL),
(1126, 'Baloi', 62, '2018-01-24 11:43:39', NULL),
(1127, 'Baroy', 62, '2018-01-24 11:43:39', NULL),
(1128, 'Iligan City', 62, '2018-01-24 11:43:39', NULL),
(1129, 'Kapatagan', 62, '2018-01-24 11:43:39', NULL),
(1130, 'Sultan Naga Dimaporo (Karomatan)', 62, '2018-01-24 11:43:39', NULL),
(1131, 'Kauswagan', 62, '2018-01-24 11:43:39', NULL),
(1132, 'Kolambugan', 62, '2018-01-24 11:43:39', NULL),
(1133, 'Lala', 62, '2018-01-24 11:43:39', NULL),
(1134, 'Linamon', 62, '2018-01-24 11:43:39', NULL),
(1135, 'Maigo', 62, '2018-01-24 11:43:39', NULL),
(1136, 'Matungao', 62, '2018-01-24 11:43:39', NULL),
(1137, 'Munai', 62, '2018-01-24 11:43:39', NULL),
(1138, 'Nunungan', 62, '2018-01-24 11:43:39', NULL),
(1139, 'Pantao Ragat', 62, '2018-01-24 11:43:39', NULL),
(1140, 'Poona Piagapo', 62, '2018-01-24 11:43:39', NULL),
(1141, 'Salvador', 62, '2018-01-24 11:43:39', NULL),
(1142, 'Sapad', 62, '2018-01-24 11:43:39', NULL),
(1143, 'Tagoloan', 62, '2018-01-24 11:43:39', NULL),
(1144, 'Tangcal', 62, '2018-01-24 11:43:39', NULL),
(1145, 'Tubod (Capital)', 62, '2018-01-24 11:43:39', NULL),
(1146, 'Pantar', 62, '2018-01-24 11:43:39', NULL),
(1147, 'Baliangao', 63, '2018-01-24 11:43:39', NULL),
(1148, 'Bonifacio', 63, '2018-01-24 11:43:39', NULL),
(1149, 'Calamba', 63, '2018-01-24 11:43:39', NULL),
(1150, 'Jimenez', 63, '2018-01-24 11:43:39', NULL),
(1151, 'Lopez Jaena', 63, '2018-01-24 11:43:39', NULL),
(1152, 'Oroquieta City (Capital)', 63, '2018-01-24 11:43:39', NULL),
(1153, 'Ozamis City', 63, '2018-01-24 11:43:39', NULL),
(1154, 'Panaon', 63, '2018-01-24 11:43:39', NULL),
(1155, 'Sapang Dalaga', 63, '2018-01-24 11:43:39', NULL),
(1156, 'Sinacaban', 63, '2018-01-24 11:43:39', NULL),
(1157, 'Tangub City', 63, '2018-01-24 11:43:39', NULL),
(1158, 'Don Victoriano Chiongbian  (Don Mariano Marcos)', 63, '2018-01-24 11:43:39', NULL),
(1159, 'Balingasag', 64, '2018-01-24 11:43:39', NULL),
(1160, 'Balingoan', 64, '2018-01-24 11:43:39', NULL),
(1161, 'Binuangan', 64, '2018-01-24 11:43:39', NULL),
(1162, 'Cagayan De Oro City (Capital)', 64, '2018-01-24 11:43:39', NULL),
(1163, 'City Of El Salvador', 64, '2018-01-24 11:43:39', NULL),
(1164, 'Gingoog City', 64, '2018-01-24 11:43:39', NULL),
(1165, 'Gitagum', 64, '2018-01-24 11:43:39', NULL),
(1166, 'Initao', 64, '2018-01-24 11:43:39', NULL),
(1167, 'Jasaan', 64, '2018-01-24 11:43:39', NULL),
(1168, 'Kinoguitan', 64, '2018-01-24 11:43:39', NULL),
(1169, 'Lagonglong', 64, '2018-01-24 11:43:39', NULL),
(1170, 'Laguindingan', 64, '2018-01-24 11:43:39', NULL),
(1171, 'Lugait', 64, '2018-01-24 11:43:39', NULL),
(1172, 'Magsaysay (Linugos)', 64, '2018-01-24 11:43:39', NULL),
(1173, 'Manticao', 64, '2018-01-24 11:43:39', NULL),
(1174, 'Medina', 64, '2018-01-24 11:43:39', NULL),
(1175, 'Naawan', 64, '2018-01-24 11:43:39', NULL),
(1176, 'Opol', 64, '2018-01-24 11:43:39', NULL),
(1177, 'Salay', 64, '2018-01-24 11:43:39', NULL),
(1178, 'Sugbongcogon', 64, '2018-01-24 11:43:39', NULL),
(1179, 'Talisayan', 64, '2018-01-24 11:43:39', NULL),
(1180, 'Villanueva', 64, '2018-01-24 11:43:39', NULL),
(1181, 'Baungon', 60, '2018-01-24 11:43:39', NULL),
(1182, 'Catarman', 61, '2018-01-24 11:43:39', NULL),
(1183, 'Bacolod', 62, '2018-01-24 11:43:39', NULL),
(1184, 'Aloran', 63, '2018-01-24 11:43:39', NULL),
(1185, 'Alubijid', 64, '2018-01-24 11:43:39', NULL),
(1186, 'Laak (San Vicente)', 65, '2018-01-24 11:43:39', NULL),
(1187, 'Mabini (Doa Alicia)', 65, '2018-01-24 11:43:39', NULL),
(1188, 'Maco', 65, '2018-01-24 11:43:39', NULL),
(1189, 'Maragusan (San Mariano)', 65, '2018-01-24 11:43:39', NULL),
(1190, 'Mawab', 65, '2018-01-24 11:43:39', NULL),
(1191, 'Monkayo', 65, '2018-01-24 11:43:39', NULL),
(1192, 'Montevista', 65, '2018-01-24 11:43:39', NULL),
(1193, 'Nabunturan (Capital)', 65, '2018-01-24 11:43:39', NULL),
(1194, 'New Bataan', 65, '2018-01-24 11:43:39', NULL),
(1195, 'Pantukan', 65, '2018-01-24 11:43:39', NULL),
(1196, 'Kapalong', 66, '2018-01-24 11:43:39', NULL),
(1197, 'New Corella', 66, '2018-01-24 11:43:39', NULL),
(1198, 'City Of Panabo', 66, '2018-01-24 11:43:39', NULL),
(1199, 'Island Garden City Of Samal', 66, '2018-01-24 11:43:39', NULL),
(1200, 'City Of Tagum (Capital)', 66, '2018-01-24 11:43:39', NULL),
(1201, 'Talaingod', 66, '2018-01-24 11:43:39', NULL),
(1202, 'Braulio E. Dujali', 66, '2018-01-24 11:43:39', NULL),
(1203, 'Davao City', 67, '2018-01-24 11:43:39', NULL),
(1204, 'City Of Digos (Capital)', 67, '2018-01-24 11:43:39', NULL),
(1205, 'Jose Abad Santos (Trinidad)', 67, '2018-01-24 11:43:39', NULL),
(1206, 'Kiblawan', 67, '2018-01-24 11:43:39', NULL),
(1207, 'Malalag', 67, '2018-01-24 11:43:39', NULL),
(1208, 'Malita', 67, '2018-01-24 11:43:39', NULL),
(1209, 'Matanao', 67, '2018-01-24 11:43:39', NULL),
(1210, 'Padada', 67, '2018-01-24 11:43:39', NULL),
(1211, 'Sulop', 67, '2018-01-24 11:43:39', NULL),
(1212, 'Sarangani', 67, '2018-01-24 11:43:39', NULL),
(1213, 'Don Marcelino', 67, '2018-01-24 11:43:39', NULL),
(1214, 'Banaybanay', 68, '2018-01-24 11:43:39', NULL),
(1215, 'Boston', 68, '2018-01-24 11:43:39', NULL),
(1216, 'Caraga', 68, '2018-01-24 11:43:39', NULL),
(1217, 'Cateel', 68, '2018-01-24 11:43:39', NULL),
(1218, 'Governor Generoso', 68, '2018-01-24 11:43:39', NULL),
(1219, 'Lupon', 68, '2018-01-24 11:43:39', NULL),
(1220, 'Manay', 68, '2018-01-24 11:43:39', NULL),
(1221, 'City Of Mati (Capital)', 68, '2018-01-24 11:43:39', NULL),
(1222, 'Tarragona', 68, '2018-01-24 11:43:39', NULL),
(1223, 'Asuncion (Saug)', 66, '2018-01-24 11:43:39', NULL),
(1224, 'Bansalan', 67, '2018-01-24 11:43:39', NULL),
(1225, 'Baganga', 68, '2018-01-24 11:43:39', NULL),
(1226, 'Kabacan', 69, '2018-01-24 11:43:39', NULL),
(1227, 'City Of Kidapawan (Capital)', 69, '2018-01-24 11:43:39', NULL),
(1228, 'Libungan', 69, '2018-01-24 11:43:39', NULL),
(1229, 'Magpet', 69, '2018-01-24 11:43:39', NULL),
(1230, 'Makilala', 69, '2018-01-24 11:43:39', NULL),
(1231, 'Matalam', 69, '2018-01-24 11:43:39', NULL),
(1232, 'Midsayap', 69, '2018-01-24 11:43:39', NULL),
(1233, 'Pigkawayan', 69, '2018-01-24 11:43:39', NULL),
(1234, 'Pikit', 69, '2018-01-24 11:43:39', NULL),
(1235, 'Tulunan', 69, '2018-01-24 11:43:39', NULL),
(1236, 'Antipas', 69, '2018-01-24 11:43:39', NULL),
(1237, 'Banisilan', 69, '2018-01-24 11:43:39', NULL),
(1238, 'Aleosan', 69, '2018-01-24 11:43:39', NULL),
(1239, 'Arakan', 69, '2018-01-24 11:43:39', NULL),
(1240, 'Glan', 70, '2018-01-24 11:43:39', NULL),
(1241, 'Kiamba', 70, '2018-01-24 11:43:39', NULL),
(1242, 'Maasim', 70, '2018-01-24 11:43:39', NULL),
(1243, 'Maitum', 70, '2018-01-24 11:43:39', NULL),
(1244, 'Malapatan', 70, '2018-01-24 11:43:39', NULL),
(1245, 'Malungon', 70, '2018-01-24 11:43:39', NULL),
(1246, 'General Santos City (Dadiangas)', 71, '2018-01-24 11:43:39', NULL),
(1247, 'City Of Koronadal (Capital)', 71, '2018-01-24 11:43:39', NULL),
(1248, 'Norala', 71, '2018-01-24 11:43:39', NULL),
(1249, 'Polomolok', 71, '2018-01-24 11:43:39', NULL),
(1250, 'Surallah', 71, '2018-01-24 11:43:39', NULL),
(1251, 'Tampakan', 71, '2018-01-24 11:43:39', NULL),
(1252, 'Tantangan', 71, '2018-01-24 11:43:39', NULL),
(1253, 'Tupi', 71, '2018-01-24 11:43:39', NULL),
(1254, 'Lake Sebu', 71, '2018-01-24 11:43:39', NULL),
(1255, 'Columbio', 72, '2018-01-24 11:43:39', NULL),
(1256, 'Isulan (Capital)', 72, '2018-01-24 11:43:39', NULL),
(1257, 'Kalamansig', 72, '2018-01-24 11:43:39', NULL),
(1258, 'Lebak', 72, '2018-01-24 11:43:39', NULL),
(1259, 'Lutayan', 72, '2018-01-24 11:43:39', NULL),
(1260, 'Lambayong (Mariano Marcos)', 72, '2018-01-24 11:43:39', NULL),
(1261, 'Palimbang', 72, '2018-01-24 11:43:39', NULL),
(1262, 'President Quirino', 72, '2018-01-24 11:43:39', NULL),
(1263, 'City Of Tacurong', 72, '2018-01-24 11:43:39', NULL),
(1264, 'Sen. Ninoy Aquino', 72, '2018-01-24 11:43:39', NULL),
(1265, 'Alamada', 69, '2018-01-24 11:43:39', NULL),
(1266, 'Cotabato City', 73, '2018-01-24 11:43:39', NULL),
(1267, 'Alabel (Capital)', 70, '2018-01-24 11:43:39', NULL),
(1268, 'Bagumbayan', 72, '2018-01-24 11:43:39', NULL),
(1269, 'Butuan City (Capital)', 74, '2018-01-24 11:43:39', NULL),
(1270, 'City Of Cabadbaran', 74, '2018-01-24 11:43:39', NULL),
(1271, 'Jabonga', 74, '2018-01-24 11:43:39', NULL),
(1272, 'Kitcharao', 74, '2018-01-24 11:43:39', NULL),
(1273, 'Las Nieves', 74, '2018-01-24 11:43:39', NULL),
(1274, 'Nasipit', 74, '2018-01-24 11:43:39', NULL),
(1275, 'Tubay', 74, '2018-01-24 11:43:39', NULL),
(1276, 'Remedios T. Romualdez', 74, '2018-01-24 11:43:39', NULL),
(1277, 'Bunawan', 75, '2018-01-24 11:43:39', NULL),
(1278, 'Loreto', 75, '2018-01-24 11:43:39', NULL),
(1279, 'Prosperidad (Capital)', 75, '2018-01-24 11:43:39', NULL),
(1280, 'Santa Josefa', 75, '2018-01-24 11:43:39', NULL),
(1281, 'Talacogon', 75, '2018-01-24 11:43:39', NULL),
(1282, 'Trento', 75, '2018-01-24 11:43:39', NULL),
(1283, 'Veruela', 75, '2018-01-24 11:43:39', NULL),
(1284, 'Sibagat', 75, '2018-01-24 11:43:39', NULL),
(1285, 'Cagdianao', 76, '2018-01-24 11:43:39', NULL),
(1286, 'Dinagat', 76, '2018-01-24 11:43:39', NULL),
(1287, 'Libjo (Albor)', 76, '2018-01-24 11:43:39', NULL),
(1288, 'Tubajon', 76, '2018-01-24 11:43:39', NULL),
(1289, 'Bacuag', 77, '2018-01-24 11:43:39', NULL),
(1290, 'Claver', 77, '2018-01-24 11:43:39', NULL),
(1291, 'Dapa', 77, '2018-01-24 11:43:39', NULL),
(1292, 'Del Carmen', 77, '2018-01-24 11:43:39', NULL),
(1293, 'Gigaquit', 77, '2018-01-24 11:43:39', NULL),
(1294, 'Mainit', 77, '2018-01-24 11:43:39', NULL),
(1295, 'Malimono', 77, '2018-01-24 11:43:39', NULL),
(1296, 'San Benito', 77, '2018-01-24 11:43:39', NULL),
(1297, 'San Francisco (Anao-Aon)', 77, '2018-01-24 11:43:39', NULL),
(1298, 'Santa Monica (Sapao)', 77, '2018-01-24 11:43:39', NULL),
(1299, 'Surigao City (Capital)', 77, '2018-01-24 11:43:39', NULL),
(1300, 'Tagana-An', 77, '2018-01-24 11:43:39', NULL),
(1301, 'Tubod', 77, '2018-01-24 11:43:39', NULL),
(1302, 'Bayabas', 78, '2018-01-24 11:43:39', NULL),
(1303, 'City Of Bislig', 78, '2018-01-24 11:43:39', NULL),
(1304, 'Cagwait', 78, '2018-01-24 11:43:39', NULL),
(1305, 'Cantilan', 78, '2018-01-24 11:43:39', NULL),
(1306, 'Carrascal', 78, '2018-01-24 11:43:39', NULL),
(1307, 'Hinatuan', 78, '2018-01-24 11:43:39', NULL),
(1308, 'Lanuza', 78, '2018-01-24 11:43:39', NULL),
(1309, 'Lianga', 78, '2018-01-24 11:43:39', NULL),
(1310, 'Lingig', 78, '2018-01-24 11:43:39', NULL),
(1311, 'Madrid', 78, '2018-01-24 11:43:39', NULL),
(1312, 'Marihatag', 78, '2018-01-24 11:43:39', NULL),
(1313, 'Tagbina', 78, '2018-01-24 11:43:39', NULL),
(1314, 'Tago', 78, '2018-01-24 11:43:39', NULL),
(1315, 'City Of Tandag (Capital)', 78, '2018-01-24 11:43:39', NULL),
(1316, 'City Of Bayugan', 75, '2018-01-24 11:43:39', NULL),
(1317, 'Basilisa (Rizal)', 76, '2018-01-24 11:43:39', NULL),
(1318, 'Barobo', 78, '2018-01-24 11:43:39', NULL),
(1319, 'Lantawan', 79, '2018-01-24 11:43:39', NULL),
(1320, 'Maluso', 79, '2018-01-24 11:43:39', NULL),
(1321, 'Sumisip', 79, '2018-01-24 11:43:39', NULL),
(1322, 'Tipo-Tipo', 79, '2018-01-24 11:43:39', NULL),
(1323, 'Akbar', 79, '2018-01-24 11:43:39', NULL),
(1324, 'Al-Barka', 79, '2018-01-24 11:43:39', NULL),
(1325, 'Hadji Mohammad Ajul', 79, '2018-01-24 11:43:39', NULL),
(1326, 'Ungkaya Pukan', 79, '2018-01-24 11:43:39', NULL),
(1327, 'Hadji Muhtamad', 79, '2018-01-24 11:43:39', NULL),
(1328, 'Tabuan-Lasa', 79, '2018-01-24 11:43:39', NULL),
(1329, 'Balabagan', 80, '2018-01-24 11:43:39', NULL),
(1330, 'Balindong (Watu)', 80, '2018-01-24 11:43:39', NULL),
(1331, 'Bayang', 80, '2018-01-24 11:43:39', NULL),
(1332, 'Binidayan', 80, '2018-01-24 11:43:39', NULL),
(1333, 'Bubong', 80, '2018-01-24 11:43:39', NULL),
(1334, 'Butig', 80, '2018-01-24 11:43:39', NULL),
(1335, 'Ganassi', 80, '2018-01-24 11:43:39', NULL),
(1336, 'Kapai', 80, '2018-01-24 11:43:39', NULL),
(1337, 'Lumba-Bayabao (Maguing)', 80, '2018-01-24 11:43:39', NULL),
(1338, 'Lumbatan', 80, '2018-01-24 11:43:39', NULL),
(1339, 'Madalum', 80, '2018-01-24 11:43:39', NULL),
(1340, 'Madamba', 80, '2018-01-24 11:43:39', NULL),
(1341, 'Malabang', 80, '2018-01-24 11:43:39', NULL),
(1342, 'Marantao', 80, '2018-01-24 11:43:39', NULL),
(1343, 'Marawi City (Capital)', 80, '2018-01-24 11:43:39', NULL),
(1344, 'Masiu', 80, '2018-01-24 11:43:39', NULL),
(1345, 'Mulondo', 80, '2018-01-24 11:43:39', NULL),
(1346, 'Pagayawan (Tatarikan)', 80, '2018-01-24 11:43:39', NULL),
(1347, 'Piagapo', 80, '2018-01-24 11:43:39', NULL),
(1348, 'Poona Bayabao (Gata)', 80, '2018-01-24 11:43:39', NULL),
(1349, 'Pualas', 80, '2018-01-24 11:43:39', NULL),
(1350, 'Ditsaan-Ramain', 80, '2018-01-24 11:43:39', NULL),
(1351, 'Saguiaran', 80, '2018-01-24 11:43:39', NULL),
(1352, 'Tamparan', 80, '2018-01-24 11:43:39', NULL),
(1353, 'Taraka', 80, '2018-01-24 11:43:39', NULL),
(1354, 'Tubaran', 80, '2018-01-24 11:43:39', NULL),
(1355, 'Tugaya', 80, '2018-01-24 11:43:39', NULL),
(1356, 'Wao', 80, '2018-01-24 11:43:39', NULL),
(1357, 'Marogong', 80, '2018-01-24 11:43:39', NULL),
(1358, 'Calanogas', 80, '2018-01-24 11:43:39', NULL),
(1359, 'Buadiposo-Buntong', 80, '2018-01-24 11:43:39', NULL),
(1360, 'Maguing', 80, '2018-01-24 11:43:39', NULL),
(1361, 'Picong (Sultan Gumander)', 80, '2018-01-24 11:43:39', NULL),
(1362, 'Lumbayanague', 80, '2018-01-24 11:43:39', NULL),
(1363, 'Bumbaran', 80, '2018-01-24 11:43:39', NULL),
(1364, 'Tagoloan Ii', 80, '2018-01-24 11:43:39', NULL),
(1365, 'Sultan Dumalondong', 80, '2018-01-24 11:43:39', NULL),
(1366, 'Lumbaca-Unayan', 80, '2018-01-24 11:43:39', NULL),
(1367, 'Buldon', 81, '2018-01-24 11:43:39', NULL),
(1368, 'Buluan', 81, '2018-01-24 11:43:39', NULL),
(1369, 'Datu Paglas', 81, '2018-01-24 11:43:39', NULL),
(1370, 'Datu Piang', 81, '2018-01-24 11:43:39', NULL),
(1371, 'Datu Odin Sinsuat (Dinaig)', 81, '2018-01-24 11:43:39', NULL),
(1372, 'Shariff Aguak (Maganoy) (Capital)', 81, '2018-01-24 11:43:39', NULL),
(1373, 'Matanog', 81, '2018-01-24 11:43:39', NULL),
(1374, 'Pagalungan', 81, '2018-01-24 11:43:39', NULL),
(1375, 'Parang', 81, '2018-01-24 11:43:39', NULL),
(1376, 'Sultan Kudarat (Nuling)', 81, '2018-01-24 11:43:39', NULL),
(1377, 'Sultan Sa Barongis (Lambayong)', 81, '2018-01-24 11:43:39', NULL),
(1378, 'Kabuntalan (Tumbao)', 81, '2018-01-24 11:43:39', NULL),
(1379, 'Upi', 81, '2018-01-24 11:43:39', NULL),
(1380, 'Talayan', 81, '2018-01-24 11:43:39', NULL),
(1381, 'South Upi', 81, '2018-01-24 11:43:39', NULL),
(1382, 'Barira', 81, '2018-01-24 11:43:39', NULL),
(1383, 'Gen. S. K. Pendatun', 81, '2018-01-24 11:43:39', NULL),
(1384, 'Mamasapano', 81, '2018-01-24 11:43:39', NULL),
(1385, 'Talitay', 81, '2018-01-24 11:43:39', NULL),
(1386, 'Pagagawan', 81, '2018-01-24 11:43:39', NULL),
(1387, 'Paglat', 81, '2018-01-24 11:43:39', NULL),
(1388, 'Sultan Mastura', 81, '2018-01-24 11:43:39', NULL),
(1389, 'Guindulungan', 81, '2018-01-24 11:43:39', NULL),
(1390, 'Datu Saudi-Ampatuan', 81, '2018-01-24 11:43:39', NULL),
(1391, 'Datu Unsay', 81, '2018-01-24 11:43:39', NULL),
(1392, 'Datu Abdullah Sangki', 81, '2018-01-24 11:43:39', NULL),
(1393, 'Rajah Buayan', 81, '2018-01-24 11:43:39', NULL),
(1394, 'Datu Blah T. Sinsuat', 81, '2018-01-24 11:43:39', NULL),
(1395, 'Datu Anggal Midtimbang', 81, '2018-01-24 11:43:39', NULL),
(1396, 'Mangudadatu', 81, '2018-01-24 11:43:39', NULL),
(1397, 'Pandag', 81, '2018-01-24 11:43:39', NULL),
(1398, 'Northern Kabuntalan', 81, '2018-01-24 11:43:39', NULL),
(1399, 'Datu Hoffer Ampatuan', 81, '2018-01-24 11:43:39', NULL),
(1400, 'Datu Salibo', 81, '2018-01-24 11:43:39', NULL),
(1401, 'Shariff Saydona Mustapha', 81, '2018-01-24 11:43:39', NULL),
(1402, 'Jolo (Capital)', 82, '2018-01-24 11:43:39', NULL),
(1403, 'Kalingalan Caluang', 82, '2018-01-24 11:43:39', NULL),
(1404, 'Luuk', 82, '2018-01-24 11:43:39', NULL),
(1405, 'Maimbung', 82, '2018-01-24 11:43:39', NULL),
(1406, 'Hadji Panglima Tahil (Marunggas)', 82, '2018-01-24 11:43:39', NULL),
(1407, 'Old Panamao', 82, '2018-01-24 11:43:39', NULL),
(1408, 'Pangutaran', 82, '2018-01-24 11:43:39', NULL),
(1409, 'Pata', 82, '2018-01-24 11:43:39', NULL),
(1410, 'Patikul', 82, '2018-01-24 11:43:39', NULL),
(1411, 'Siasi', 82, '2018-01-24 11:43:39', NULL),
(1412, 'Talipao', 82, '2018-01-24 11:43:39', NULL),
(1413, 'Tapul', 82, '2018-01-24 11:43:39', NULL),
(1414, 'Tongkil', 82, '2018-01-24 11:43:39', NULL),
(1415, 'Panglima Estino (New Panamao)', 82, '2018-01-24 11:43:39', NULL),
(1416, 'Lugus', 82, '2018-01-24 11:43:39', NULL),
(1417, 'Pandami', 82, '2018-01-24 11:43:39', NULL),
(1418, 'Omar', 82, '2018-01-24 11:43:39', NULL),
(1419, 'Bongao (Capital)', 83, '2018-01-24 11:43:39', NULL),
(1420, 'Mapun (Cagayan De Tawi-Tawi)', 83, '2018-01-24 11:43:39', NULL),
(1421, 'Simunul', 83, '2018-01-24 11:43:39', NULL),
(1422, 'Sitangkai', 83, '2018-01-24 11:43:39', NULL),
(1423, 'South Ubian', 83, '2018-01-24 11:43:39', NULL),
(1424, 'Tandubas', 83, '2018-01-24 11:43:39', NULL),
(1425, 'Turtle Islands', 83, '2018-01-24 11:43:39', NULL),
(1426, 'Languyan', 83, '2018-01-24 11:43:39', NULL),
(1427, 'Sapa-Sapa', 83, '2018-01-24 11:43:39', NULL),
(1428, 'Sibutu', 83, '2018-01-24 11:43:39', NULL),
(1429, 'City Of Lamitan', 79, '2018-01-24 11:43:39', NULL),
(1430, 'Bacolod-Kalawi (Bacolod Grande)', 80, '2018-01-24 11:43:39', NULL),
(1431, 'Ampatuan', 81, '2018-01-24 11:43:39', NULL),
(1432, 'Indanan', 82, '2018-01-24 11:43:39', NULL),
(1433, 'Panglima Sugala (Balimbing) (Capital)', 83, '2018-01-24 11:43:39', NULL),
(1434, 'N/A', NULL, '2018-02-04 03:28:40', NULL);

-- --------------------------------------------------------

--
-- Table structure for table `phil_province`
--
-- Creation: Feb 05, 2018 at 04:56 PM
--

DROP TABLE IF EXISTS `phil_province`;
CREATE TABLE `phil_province` (
  `province_id` int(11) NOT NULL,
  `province_name` varchar(255) NOT NULL,
  `region_id` int(11) DEFAULT NULL,
  `creation_date` timestamp NOT NULL DEFAULT CURRENT_TIMESTAMP,
  `update_date` timestamp NULL DEFAULT NULL ON UPDATE CURRENT_TIMESTAMP
) ENGINE=InnoDB DEFAULT CHARSET=utf8;

--
-- Dumping data for table `phil_province`
--

INSERT INTO `phil_province` (`province_id`, `province_name`, `region_id`, `creation_date`, `update_date`) VALUES
(1, 'Metro Manila', 1, '2018-01-24 11:42:34', NULL),
(2, 'Abra', 2, '2018-01-24 11:42:34', NULL),
(3, 'Apayao', 2, '2018-01-24 11:42:34', NULL),
(4, 'Benguet', 2, '2018-01-24 11:42:34', NULL),
(5, 'Ifugao', 2, '2018-01-24 11:42:34', NULL),
(6, 'Kalinga', 2, '2018-01-24 11:42:34', NULL),
(7, 'Mountain Province', 2, '2018-01-24 11:42:34', NULL),
(8, 'Ilocos Norte', 3, '2018-01-24 11:42:34', NULL),
(9, 'Ilocos Sur', 3, '2018-01-24 11:42:34', NULL),
(10, 'La Union', 3, '2018-01-24 11:42:34', NULL),
(11, 'Pangasinan', 3, '2018-01-24 11:42:34', NULL),
(12, 'Batanes', 4, '2018-01-24 11:42:34', NULL),
(13, 'Cagayan', 4, '2018-01-24 11:42:34', NULL),
(14, 'Isabela', 4, '2018-01-24 11:42:34', NULL),
(15, 'Nueva Vizcaya', 4, '2018-01-24 11:42:34', NULL),
(16, 'Quirino', 4, '2018-01-24 11:42:34', NULL),
(17, 'Aurora', 5, '2018-01-24 11:42:34', NULL),
(18, 'Bataan', 5, '2018-01-24 11:42:34', NULL),
(19, 'Bulacan', 5, '2018-01-24 11:42:34', NULL),
(20, 'Nueva Ecija', 5, '2018-01-24 11:42:34', NULL),
(21, 'Pampanga', 5, '2018-01-24 11:42:34', NULL),
(22, 'Tarlac', 5, '2018-01-24 11:42:34', NULL),
(23, 'Zambales', 5, '2018-01-24 11:42:34', NULL),
(24, 'Batangas', 6, '2018-01-24 11:42:34', NULL),
(25, 'Cavite', 6, '2018-01-24 11:42:34', NULL),
(26, 'Laguna', 6, '2018-01-24 11:42:34', NULL),
(27, 'Quezon', 6, '2018-01-24 11:42:34', NULL),
(28, 'Rizal', 6, '2018-01-24 11:42:34', NULL),
(29, 'Marinduque', 7, '2018-01-24 11:42:34', NULL),
(30, 'Occidental Mindoro', 7, '2018-01-24 11:42:34', NULL),
(31, 'Oriental Mindoro', 7, '2018-01-24 11:42:34', NULL),
(32, 'Palawan', 7, '2018-01-24 11:42:34', NULL),
(33, 'Romblon', 7, '2018-01-24 11:42:34', NULL),
(34, 'Albay', 8, '2018-01-24 11:42:34', NULL),
(35, 'Camarines Norte', 8, '2018-01-24 11:42:34', NULL),
(36, 'Camarines Sur', 8, '2018-01-24 11:42:34', NULL),
(37, 'Catanduanes', 8, '2018-01-24 11:42:34', NULL),
(38, 'Masbate', 8, '2018-01-24 11:42:34', NULL),
(39, 'Sorsogon', 8, '2018-01-24 11:42:34', NULL),
(40, 'Aklan', 9, '2018-01-24 11:42:34', NULL),
(41, 'Antique', 9, '2018-01-24 11:42:34', NULL),
(42, 'Capiz', 9, '2018-01-24 11:42:34', NULL),
(43, 'Guimaras', 9, '2018-01-24 11:42:34', NULL),
(44, 'Iloilo', 9, '2018-01-24 11:42:34', NULL),
(45, 'Negros Occidental', 9, '2018-01-24 11:42:34', NULL),
(46, 'Bohol', 10, '2018-01-24 11:42:34', NULL),
(47, 'Cebu', 10, '2018-01-24 11:42:34', NULL),
(48, 'Negros Oriental', 10, '2018-01-24 11:42:34', NULL),
(49, 'Siquijor', 10, '2018-01-24 11:42:34', NULL),
(50, 'Biliran', 11, '2018-01-24 11:42:34', NULL),
(51, 'Eastern Samar', 11, '2018-01-24 11:42:34', NULL),
(52, 'Leyte', 11, '2018-01-24 11:42:34', NULL),
(53, 'Northern Samar', 11, '2018-01-24 11:42:34', NULL),
(54, 'Samar (Western Samar)', 11, '2018-01-24 11:42:34', NULL),
(55, 'Southern Leyte', 11, '2018-01-24 11:42:34', NULL),
(56, 'Zamboanga Del Norte', 12, '2018-01-24 11:42:34', NULL),
(57, 'Zamboanga Del Sur', 12, '2018-01-24 11:42:34', NULL),
(58, 'Zamboanga Sibugay', 12, '2018-01-24 11:42:34', NULL),
(59, 'City Of Isabela (Not A Province)', 12, '2018-01-24 11:42:34', NULL),
(60, 'Bukidnon', 13, '2018-01-24 11:42:34', NULL),
(61, 'Camiguin', 13, '2018-01-24 11:42:34', NULL),
(62, 'Lanao Del Norte', 13, '2018-01-24 11:42:34', NULL),
(63, 'Misamis Occidental', 13, '2018-01-24 11:42:34', NULL),
(64, 'Misamis Oriental', 13, '2018-01-24 11:42:34', NULL),
(65, 'Compostela Valley', 14, '2018-01-24 11:42:34', NULL),
(66, 'Davao Del Norte', 14, '2018-01-24 11:42:34', NULL),
(67, 'Davao Del Sur', 14, '2018-01-24 11:42:34', NULL),
(68, 'Davao Oriental', 14, '2018-01-24 11:42:34', NULL),
(69, 'Cotabato (North Cotabato)', 15, '2018-01-24 11:42:34', NULL),
(70, 'Sarangani', 15, '2018-01-24 11:42:34', NULL),
(71, 'South Cotabato', 15, '2018-01-24 11:42:34', NULL),
(72, 'Sultan Kudarat', 15, '2018-01-24 11:42:34', NULL),
(73, 'Cotabato City (Not A Province)', 15, '2018-01-24 11:42:34', NULL),
(74, 'Agusan Del Norte', 16, '2018-01-24 11:42:34', NULL),
(75, 'Agusan Del Sur', 16, '2018-01-24 11:42:34', NULL),
(76, 'Dinagat Islands', 16, '2018-01-24 11:42:34', NULL),
(77, 'Surigao Del Norte', 16, '2018-01-24 11:42:34', NULL),
(78, 'Surigao Del Sur', 16, '2018-01-24 11:42:34', NULL),
(79, 'Basilan', 17, '2018-01-24 11:42:34', NULL),
(80, 'Lanao Del Sur', 17, '2018-01-24 11:42:34', NULL),
(81, 'Maguindanao', 17, '2018-01-24 11:42:34', NULL),
(82, 'Sulu', 17, '2018-01-24 11:42:34', NULL),
(83, 'Tawi-Tawi', 17, '2018-01-24 11:42:34', NULL),
(84, 'N/A', NULL, '2018-02-04 03:29:11', NULL);

-- --------------------------------------------------------

--
-- Table structure for table `phil_region`
--
-- Creation: Feb 05, 2018 at 04:56 PM
--

DROP TABLE IF EXISTS `phil_region`;
CREATE TABLE `phil_region` (
  `region_id` int(11) NOT NULL,
  `region_name` varchar(255) NOT NULL,
  `creation_date` timestamp NOT NULL DEFAULT CURRENT_TIMESTAMP,
  `update_date` timestamp NULL DEFAULT NULL ON UPDATE CURRENT_TIMESTAMP
) ENGINE=InnoDB DEFAULT CHARSET=utf8;

--
-- Dumping data for table `phil_region`
--

INSERT INTO `phil_region` (`region_id`, `region_name`, `creation_date`, `update_date`) VALUES
(1, 'NCR - National Capital Region', '2018-01-24 11:39:24', NULL),
(2, 'CAR - Cordillera Administrative Region', '2018-01-24 11:39:24', NULL),
(3, 'REGION I (Ilocos Region)', '2018-01-24 11:39:24', NULL),
(4, 'REGION II (Cagayan Valley)', '2018-01-24 11:39:24', NULL),
(5, 'REGION III (Central Luzon)', '2018-01-24 11:39:24', NULL),
(6, 'REGION IV-A (CaLaBaRZon)', '2018-01-24 11:39:24', '2018-01-26 03:11:28'),
(7, 'REGION IV-B (MiMaRoPa)', '2018-01-24 11:39:24', '2018-01-26 03:12:02'),
(8, 'REGION V (Bicol Region)', '2018-01-24 11:39:24', NULL),
(9, 'REGION VI (Western Visayas)', '2018-01-24 11:39:24', NULL),
(10, 'REGION VII (Central Visayas)', '2018-01-24 11:39:24', NULL),
(11, 'REGION VIII (Eastern Visayas)', '2018-01-24 11:39:24', NULL),
(12, 'REGION IX (Zamboanga Peninsula)', '2018-01-24 11:39:24', NULL),
(13, 'REGION X (Northern Mindanao)', '2018-01-24 11:39:24', NULL),
(14, 'REGION XI (Davao Region)', '2018-01-24 11:39:24', NULL),
(15, 'REGION XII (SoCCSKSarGen)', '2018-01-24 11:39:24', '2018-01-26 03:08:17'),
(16, 'REGION XIII (Caraga)', '2018-01-24 11:39:24', NULL),
(17, 'ARMM - Autonomous Region in Muslim Mindanao', '2018-01-24 11:39:24', NULL),
(18, 'N/A', '2018-02-04 03:29:37', NULL);

-- --------------------------------------------------------

--
-- Table structure for table `priority`
--
-- Creation: Feb 05, 2018 at 04:56 PM
--

DROP TABLE IF EXISTS `priority`;
CREATE TABLE `priority` (
  `id` int(11) NOT NULL,
  `priority` varchar(255) NOT NULL,
  `creation_date` timestamp NOT NULL DEFAULT CURRENT_TIMESTAMP,
  `update_date` timestamp NULL DEFAULT NULL ON UPDATE CURRENT_TIMESTAMP
) ENGINE=InnoDB DEFAULT CHARSET=utf8;

--
-- Dumping data for table `priority`
--

INSERT INTO `priority` (`id`, `priority`, `creation_date`, `update_date`) VALUES
(1, 'Normal', '2018-01-30 07:43:31', NULL),
(2, 'Priority High', '2018-01-30 07:43:31', '2018-01-30 07:44:03'),
(3, 'Priority Higher', '2018-01-30 07:43:31', '2018-01-30 07:44:10'),
(4, 'Priority Highest', '2018-01-30 07:44:23', NULL);

-- --------------------------------------------------------

--
-- Table structure for table `products`
--
-- Creation: Feb 05, 2018 at 04:56 PM
--

DROP TABLE IF EXISTS `products`;
CREATE TABLE `products` (
  `product_id` int(11) NOT NULL,
  `name` varchar(255) NOT NULL,
  `price` int(11) NOT NULL,
  `image` varchar(255) NOT NULL,
  `processor` varchar(255) DEFAULT NULL,
  `screen_size` varchar(255) DEFAULT NULL,
  `ram` varchar(255) DEFAULT NULL,
  `hdd` varchar(255) DEFAULT NULL,
  `gpu` varchar(255) DEFAULT NULL,
  `item_description` text NOT NULL,
  `brand_id` int(11) NOT NULL,
  `category_id` int(11) NOT NULL,
  `priority_id` int(11) NOT NULL DEFAULT '1',
  `creation_time` timestamp NOT NULL DEFAULT CURRENT_TIMESTAMP,
  `last_update` timestamp NULL DEFAULT NULL ON UPDATE CURRENT_TIMESTAMP
) ENGINE=InnoDB DEFAULT CHARSET=utf8;

--
-- Dumping data for table `products`
--

INSERT INTO `products` (`product_id`, `name`, `price`, `image`, `processor`, `screen_size`, `ram`, `hdd`, `gpu`, `item_description`, `brand_id`, `category_id`, `priority_id`, `creation_time`, `last_update`) VALUES
(1, 'Acer Predator 15 G9-593-74EL', 105449, 'assets/img/products/1.jpg', 'Intel Core i7-6700HQ', '15.6', '16', '256GB SSD + 1TB HDD', 'GTX 1070', 'Processor: Intel Core i7-6700HQ Processor 2.6GHz (6M Cache, up to 3.50GHz)\r\n\r\nOperating System: Windows 10 \r\n\r\nDisplay: 15.6-inch IPS Full HD 1080P Display\r\n\r\nMemory: 16GB DDR4\r\n\r\nGraphics: GeForce GTX1070 8GB GDDR5\r\n\r\nStorage: 256GB SSD + 1TB HDD\r\n\r\nWireless: Killer Wireless AC 802.11a/b/g/n/ac wireless LAN\r\n\r\nODD: Super Multi DVD\r\n\r\nWeb Camera: HD Web Camera\r\n\r\nBattery: 8-cell Li-ion battery pack', 1, 1, 1, '2018-01-29 05:29:25', '2018-02-02 04:38:23'),
(2, 'HP Omen 15-CE030TX (2GD19PA)', 57599, 'assets/img/products/2.jpg', 'Intel Core i7-7700HQ', '15.6', '8', '128GB SSD + 1TB HDD', 'GTX 1050 Ti', 'Operating System: Windows 10 Home\r\n\r\nProcessor: Intel Core i7-7700HQ Processor (6M Cache, up to 3.80 GHz)\r\n\r\nMemory: 8GB DDR4\r\n\r\nStorage: 1TB HDD + 128GB SSD\r\n\r\nDisplay: 15.6\" diagonal FHD 120 Hz IPS anti-glare WLED-backlit (1920 x 1080)\r\n\r\nGraphics: GeForce GTX 1050 Ti 4GB\r\n\r\nOptical Drive: None', 2, 1, 1, '2018-01-29 05:29:25', '2018-02-02 04:38:37'),
(3, 'Asus X540UP-DM027T', 36149, 'assets/img/products/3.jpg', 'Intel Core i7-7500U', '15.6', '4', '001TB HDD', 'R5 M420', 'Processor: Intel Core i7-7500U 2.70GHz Processor (4M Cache, up to 3.50 GHz)\r\n\r\nOperating System: Windows 10\r\n\r\nMemory: 4GB DDR4 2133MHz SDRAM\r\n\r\nDisplay: 15.6\" (16:9) LED backlit FHD (1920x1080) 60Hz Glare Panel with 45% NTSC\r\n\r\nGraphic: AMD + Radeon R5 M420 , with 2GB, VRAM\r\n\r\nStorage: 1TB 5400RPM SATA HDD\r\n\r\nOptical Drive: Super-Multi DVD\r\n\r\nBattery: 3 Cells Battery', 3, 1, 1, '2018-01-29 05:29:25', '2018-02-02 04:38:51'),
(4, 'Alienware 17R3-1675SLV', 120000, 'assets/img/products/4.jpg', 'Intel Core i7-6700HQ', '17.3', '8', '001TB HDD', 'GTX 970M', 'Processor: Intel Core I7-6700HQ\r\n\r\nProcessor Speed (GHz): 2.6GHZ\r\n\r\nProcessor Cache Memory: 6 MB\r\n\r\nRAM Memory: 8 GB DDR3\r\n\r\nHard Drive Capacity: 1 TB 5400 RPM\r\n\r\nGraphics Controller: NVIDIA GEFORCE GTX 970M\r\n\r\nVideo Memory:3 GB GDDR5\r\n\r\nMemory Card: 9-IN-1 media card reader\r\n\r\nWindows 10', 4, 1, 1, '2018-01-29 05:29:25', '2018-02-02 04:39:05'),
(5, 'Dell Inspiron 5567', 47363, 'assets/img/products/5.jpg', 'Intel Core i7-7500U', '15.6', '8', '001TB HDD', 'R7 M445', 'Processor: 7th Generation Intel Core i7-7500U 2.70 GHz Processor (4M Cache, up to 3.50 GHz )\r\n\r\nOperating System: Windows 10 \r\n\r\nMemory: 8GB DDR4\r\n\r\nHard Drive: 1TB 5400 rpm Hard Drive\r\n\r\nVideo Card: AMD Radeon R7 M445 Graphics 4G GDDR5\r\n\r\nDisplay: 15.6-inch HD (1366 x 768) Truelife LED-Backlit Display\r\n\r\nOptical Drive: Tray load DVD Drive (Reads and Writes to DVD/CD)\r\n\r\nPorts: 1 HDMI v1.4a, 2 USB 3.0, 1 USB 2.0, 1 Kensington lock slot', 5, 1, 1, '2018-01-29 05:29:25', '2018-02-02 04:39:21'),
(6, 'Asus ROG GL702VM-DB71', 99000, 'assets/img/products/6.jpg', 'Intel Core i7-6700HQ', '17.3', '16', '001TB HDD', 'GTX 1060', 'Processor: Intel core i7-6700HQ (7TH Gen)\r\n\r\nPROCESSOR SPEED: 2.6 GHz (3.5 GHz MAX)\r\n\r\nLCD: 17.3\" FHD SLIM WV\r\n\r\nRESOLUTION: 1920x1080P\r\n\r\nVRAM: 6GB\r\n\r\nGRAPHICS: NVIDIA GTX 1060\r\n\r\nMEMORY: 16GB DDR4\r\n\r\nSTORAGE: 1TB HDD\r\n\r\nOS: Windows 10 Home\r\n\r\nBATTERY: 4 Cell Li-ion battery', 3, 1, 1, '2018-01-29 05:29:25', '2018-02-02 04:39:37'),
(7, 'ASUS GL702VM-BA384T', 104995, 'assets/img/products/7.jpg', 'Intel Core i7-7700HQ', '17.3', '16', '128GB SSD + 1TB HDD', 'GTX 1060', 'Processor: Intel Core i7 7700HQ\r\n\r\nMemory: 16GB DDR4\r\n\r\nHard Drive: 1TB+ 128SSD\r\n\r\nOptical Drive: None\r\n\r\nGraphics Card: Nvidia 6GB GTX1060\r\n\r\nDisplay: 17.3\" FHD 120Hz\r\n\r\nOperating System: Windows 10', 3, 1, 1, '2018-01-29 05:29:25', '2018-02-02 04:39:49'),
(8, 'LENOVO Y720-15IKB 80VR008QPH', 99999, 'assets/img/products/8.jpg', 'Intel Core i7-7700HQ', '15.6', '16', '256GB SSD + 1TB HDD', 'GTX 1060', 'Processor: Intel Core i7 7700HQ\r\n\r\nMemory: 16GBDDR4 (8*2)\r\n\r\nHard Drive: 1TB+ 256SSD\r\n\r\nOptical Drive: None\r\n\r\nGraphics Card: Nvidia 6GB GTX1060\r\n\r\nDisplay: 15.6\" FHD IPS\r\n\r\nOperating System: Windows 10', 6, 1, 1, '2018-01-29 05:29:25', '2018-02-02 04:40:07'),
(9, 'Rebel Ghost 15', 70000, 'assets/img/products/9.jpg', 'Intel Core i7-6700HQ', '15.6', '8', '256GB SSD + 1TB HDD', 'GTX 970M', 'Intel Core i7-6700HQ (6th Generation Skylake) CPU\r\n\r\n15.6\" Full HD IPS Matte (1920x1080)\r\n\r\nNvidia GeForce GTX 970M (3GB) with Optimus\r\n\r\n8GB DDR4 2133Mhz\r\n\r\n250GB SSD\r\n\r\n1TB HDD 7200RPM (2.5\")\r\n\r\n2.0M FHD camera\r\n\r\nIntel Wireless 8260AC  + Bluetooth 4.0\r\n\r\nWindows 10 64-bit', 7, 1, 1, '2018-01-29 05:29:25', '2018-02-02 04:40:25'),
(10, 'ASUS GL753VE-GC039T', 79995, 'assets/img/products/10.jpg', 'Intel Core i7-7700HQ', '17.3', '8', '128GB SSD + 1TB HDD', 'GTX 1050 Ti', 'Processor: Intel Core i7 7700HQ\r\n\r\nMemory: 8GB DDR4 (1*8)\r\n\r\nHard Drive: 1TB+ 128SSD\r\n\r\nOptical Drive: DVD-Writer\r\n\r\nGraphics Card: Nvidia 4GB GTX1050Ti\r\n\r\nDisplay: 17\" FHD\r\n\r\nOperating System: Windows 10', 3, 1, 1, '2018-01-29 05:29:25', '2018-02-02 04:40:35'),
(11, 'Dell Inspiron 15 7567', 49990, 'assets/img/products/11.jpg', 'Intel Core i5-7300HQ', '15.6', '4', '001TB HDD', 'GTX 1050', 'Free Dell gaming backpack\r\n\r\nDell Inspiron 15 7567-Core i5\r\n\r\n15.6\" LED back-lit anti-glare display\r\n\r\nFull HD resolution (1920x1080)\r\n\r\nWindows 10 Home (64-bit)\r\n\r\nIntel Core i5-7300HQ quad-core processor\r\n\r\nNVIDIA GeForce GTX 1050 4GB GDDR5 graphics\r\n\r\n4GB RAM\r\n\r\n1TB HDD', 5, 1, 1, '2018-01-29 05:29:25', '2018-02-02 04:40:51'),
(12, 'ASUS GR8 II-6GT024Z', 65000, 'assets/img/products/12.jpg', 'Intel Core i7-7700', NULL, '16', '512GB SSD', 'GTX 1060', 'GR8 II-6GT024Z mini PC gaming desktop features an Intel Core i7-7700 processor with 8GB DDR4 memory for full desktop power from a console sized system\r\n\r\nNVIDIA VR Ready with customized ASUS GeForce GTX 1060 6G graphics for unstoppable HD gaming and 4K streaming\r\n\r\nAURA Sync RGB lighting features an endless spectrum of colors with the ability to synchronize effects across an ever-expanding ecosystem of AURA Sync enabled products\r\n\r\nUltra-quiet thermal chamber design provides optimized cooling for everyday use and actively cools during marathon gaming sessions - up to 23% quieter than similar systems\r\n\r\nSupremeFX HD Audio including Sonic Studio III and Sonic Radar III for immersive in-game sound\r\n', 3, 2, 1, '2018-01-29 09:25:25', '2018-02-02 04:41:00'),
(13, 'Dell XPS x8900-1444BLK', 50000, 'assets/img/products/13.jpg', 'Intel Core i7-6700', NULL, '8', '001TB HDD', 'GT 730', 'Intel Quad Core i7-6700 3.4 GHz Processor\r\n\r\n8 GB DDR4 RAM Included; 32 GB Maximum\r\n\r\n1 TB HDD Storage; Tray load DVD Drive (Reads and Writes to DVD/CD); 10 USB Ports\r\n\r\nNo Monitor Included\r\n\r\nWindows 10 Operating System\r\n', 5, 2, 1, '2018-01-29 09:25:25', '2018-02-02 04:41:09'),
(14, 'Alienware Area 51 a51R2-1471SLV', 88000, 'assets/img/products/14.jpg', 'Intel Core i7-5820K', NULL, '8', '002TB HDD', 'GTX 980', 'Intel Hexa Core i7-5820K 3.3 GHz Processor\r\n\r\n8 GB DDR4 RAM Included; 32 GB Maximum\r\n\r\n2 TB HDD Storage; Tray load DVD Drive (Reads and Writes to DVD/CD); 8 USB Ports\r\n\r\nNo Monitor Included; NVIDIA GeForce GTX 980 VR Capable Graphics\r\n\r\nWindows 10 Operating System', 4, 2, 1, '2018-01-29 09:25:25', '2018-02-02 04:41:18'),
(15, 'MSI Trident 3 VR7RC-089US', 61000, 'assets/img/products/15.jpg', 'Intel Core i7-7700', NULL, '8', '001TB HDD', 'GTX 1060', 'Form Factor: Mini Form Factor Design | Operating System: Windows 10\r\n\r\nProcessor: Core i7-7700 Quad core (4) 3.6GHz 8M Cache | Motherboard: H110 chipset\r\n\r\nGraphics card: NVIDIA\'s Latest GeForce GTX 1060 3GB GDDR5\r\n\r\nRAM: 8GB (8GB x 1) DDR4 SO-DIMM 2133Mhz 2 slots, Max 32GB | Hard Drive: 1TB 7200RPM (3.5\")\r\n\r\nSpecial Features: VR ready | Front Access VR Port | Proprietary Cooling System | Nahimic Sound System | Vertical or Horizontal Orientation', 8, 2, 1, '2018-01-29 09:25:25', '2018-02-02 04:41:27'),
(16, 'Dell XPS 8700 X8700-2815BLK', 39000, 'assets/img/products/16.jpg', 'Intel  Core i7-4790', NULL, '16', '001TB HDD', 'GTX 745', 'Intel Core i7-4790 processor (8M Cache, up to 4.00 GHz)\r\n\r\n16GB DDR3\r\n\r\n1000 GB 7200 rpm Hard Drive\r\n\r\nWindows 10\r\n', 5, 2, 1, '2018-01-29 09:25:25', '2018-02-02 04:41:34'),
(17, 'HP OMEN 870-130', 72000, 'assets/img/products/17.jpg', 'Intel Core i7-6700', NULL, '8', '256GB SSD + 1TB HDD', 'RX 480', 'Intel (R) Core (TM) i7-6700, 3.40GHz, Quad-Core Processor\r\n\r\n8 GB DDR4-2133 SDRAM Memory (expandable to 64GB unbuffered with 16GB DIMMs), AMD Radeon RX 480 graphics card with 4 GB GDDR5 Dedicated Memory\r\n\r\nMore productive. Windows 10 is the best for bringing ideas forward and getting things done.\r\n\r\n1TB 7200RPM SATA hard drive, 256GB SATA Solid State Drive\r\n\r\nDVD-Writer, HP USB Wired Keyboard with volume control and Wired Optical Mouse', 2, 2, 1, '2018-01-29 09:25:25', '2018-02-02 04:41:41'),
(18, 'Lenovo Y900 90DD000TUS', 77000, 'assets/img/products/18.jpg', 'Intel Core i7-6700', NULL, '8', '128GB SSD + 2TB HDD', 'GTX 970', 'Intel Core i7-6700 3.4 GHz Processor\r\n\r\n8 GB RAM\r\n\r\n2 TB 7200 rpm Hard Drive, 120 GB Solid State Drive\r\n\r\nNVIDIA GeForce GTX 970 Graphics\r\n\r\nWindow 10', 6, 2, 1, '2018-01-29 09:25:25', '2018-02-02 04:41:52'),
(19, 'MSI Aegis-049US', 132000, 'assets/img/products/19.jpg', 'Intel Core i7-6700', NULL, '16', '256GB SSD + 2TB HDD', 'GTX 1070', 'Form Factor: ITX (Ultra Small Form Factor Design)\r\n\r\nProcessor: Intel Core i7-6700 Quad Core Processor (3.4-4GHz) | Motherboard: B150 Chipset\r\n\r\nGraphics Card: NVIDIA\'s Latest GeForce GTX 1070 8GB GDDR5\r\n\r\nRAM: 16GB DDR4 2133MHz | Hard Drive: PCI-E GEN3 x4 NVMe 256GB SSD + 2TB (SATA) 7200RPM\r\n\r\nSpecial features: VR READY | Silent Storm Cooling 2 | Screen in Screen Dragon Eye | Mystic Light | Nahimic Sound System', 8, 2, 1, '2018-01-29 09:25:25', '2018-02-02 04:42:00'),
(20, 'HP Pavilion 580-068', 53000, 'assets/img/products/20.jpg', 'Intel Core i7-7700', NULL, '16', '128GB SSD + 1TB HDD', 'GTX 1060', 'Processor: 7th Generation Intel(R) Core(TM) i7-7700 Processor, Quad-Core, 3.60GHz; Powerful performance easily keeps up with all your multitasking demands and enables new ways to interact with your PC.\r\n\r\nVideo graphics: NVIDIA(R) GeForce(R) GTX 1060 (3 GB GDDR5 dedicated); Get all the power you need with a graphics card loaded with innovative new gaming technologies and groundbreaking NVIDIA(R) Pascal(TM) architecture.\r\n\r\nMemory: 16 GB DDR4-2400 SDRAM; Designed to run more efficiently and more reliably at faster speeds.\r\n\r\nHard drive and solid-state drive: 1 TB 7200RPM SATA and 128 GB SSD; Store all your digital content and still have room left over.\r\n\r\nMore productive. Windows 10 is the best for bringing ideas forward and getting things done.\r\n\r\nPorts: Headphone/Microphone Combo, 1 USB 3.0 (front), 1 USB 3.0 Type-C(TM) (front), 2 USB 2.0 (rear), 2 USB 3.0 (rear), DVI, HDMI, 3 DisplayPort, 10/100/1000 Base-T Network, and an HP 7-in-1 Media Card Reader help you stay connected.\r\n\r\nKeyboard and mouse: Comes with the HP USB wired keyboard with volume control and wired optical mouse.', 2, 2, 1, '2018-01-29 09:25:25', '2018-02-02 04:42:11'),
(21, 'HP OMEN 880-110', 75000, 'assets/img/products/21.jpg', 'Intel Core i7-8700', NULL, '8', '001TB HDD', 'GTX 1070', 'Processor: 8th Generation Intel(R) Core(TM) i7-8700 Processor, 6-Core, 3.20GHz; Upgrade performance with smooth responsiveness, and stream premium content or even create your own.\r\n\r\nVideo graphics: NVIDIA(R) GeForce(R) GTX 1070 (8 GB GDDR5 dedicated); Take on todays most challenging, graphics-intensive games with a graphics card powered by NVIDIA Pascalthe most advanced GPU ever created.\r\n\r\nMemory: 8 GB DDR4-2400 SDRAM; Designed to run more efficiently and more reliably at faster speeds.\r\n\r\nHard drive and storage: 1 TB 7200RPM SATA and 16 GB Intel(R) Optane(TM); Store all your digital content and get near SSD performance without sacrificing the storage of your traditional hard drive.\r\n\r\nMore productive. Windows 10 is the best for bringing ideas forward and getting things done.\r\n\r\nPorts: Headphone/Microphone Combo, Microphone jack, 2 USB 3.0 (top), 2 USB 3.0 Type-C(TM) (top), 4 USB 3.0 (rear), 2 USB 2.0 (rear), DVI, HDMI, 3 DisplayPort, 10/100/1000 Base-T Network, and an HP 3-in-1 Media Card Reader help you stay connected.\r\n\r\nKeyboard and mouse: Comes with the HP USB wired keyboard with volume control and wired optical mouse.\r\n', 2, 2, 1, '2018-01-29 09:25:25', '2018-02-02 04:42:21'),
(22, 'HP ENVY 750-530', 67000, 'assets/img/products/22.jpg', 'Intel Core i7-7700', NULL, '16', '256GB SSD + 1TB HDD', 'GTX 1060', 'Why buy: A stylish desktop with included photo and video editing software, and an expandable solid-state drive.\r\n\r\nProcessor: 7th Generation Intel(R) Core(TM) i7-7700 Processor, Quad-Core, 3.60GHz; Get powerful multitasking performance and 4K video capabilities.\r\n\r\nVideo graphics: NVIDIA GeForce GTX 1060 (3 GB GDDR5 dedicated); Get all the power you need for a fast, smooth, power-efficient gaming experience.\r\n\r\nMemory: 16 GB DDR4-2133 SDRAM; Designed to run more efficiently and more reliably at faster speeds.\r\n\r\nHard drive and solid-state drive: 1 TB 7200RPM SATA and 256 GB SATA; Store all your digital content and still have room left over.\r\n\r\nMore productive. Windows 10 is the best for bringing ideas forward and getting things done.\r\n\r\nPorts: Headphone/Microphone Combo, 2 USB 3.0 (top), 1 USB 3.0 Type-C(TM) (top), 2 USB 2.0 (rear), 2 USB 3.0 (rear), DVI, HDMI, 3 DisplayPort, 10/100/1000 Base-T Network, and an HP 7-in-1 Media Card Reader help you stay connected.\r\n\r\nKeyboard and mouse: Comes with a wireless keyboard with volume control and optical mouse.\r\n', 2, 2, 1, '2018-01-29 09:25:25', '2018-02-02 04:42:35'),
(23, 'Lenovo Ideacentre Y710 90FL0017US', 86000, 'assets/img/products/23.jpg', 'Intel Core i7-6700', NULL, '16', '128GB SSD + 1TB HDD', 'GTX 1080', 'Intel Core i7-6700 processor, 3.4GHz\r\n\r\n16GB DDR4, 1TB 7200RPM HDD + 128GB SSD\r\n\r\nWindows 10', 6, 2, 1, '2018-01-29 09:25:25', '2018-02-02 04:42:40'),
(24, 'Samsung 23.6 in. LS24F350FHE', 6603, 'assets/img/products/24.jpg', NULL, '23.6', NULL, NULL, NULL, 'Display Type: LED-backlit LCD monitor / TFT active matrix\r\n\r\nViewable Size: 24\" ( 23.6\" ) Actual Size\r\n\r\nPanel Type: Plane to Line Switching (PLS)\r\n\r\nNative Resolution: Full HD 1920x1080 Resolution\r\n\r\n24\" ( 23.6\" ) Actual Size\r\n\r\n4ms Response Time\r\n\r\n75mm x 75mm Wall Mount Support\r\n\r\nViewing Angle(H/V):178/178\r\n\r\nContrast Ratio Static:1000:1(Typ.), 700:1(Min)\r\n\r\nDynamic Contrast Ratio: Mega\r\n\r\nConnectivity Interfaces: VGA  HDMI', 9, 4, 1, '2018-01-29 10:33:37', '2018-02-02 04:42:56'),
(25, 'Samsung Curved 23.6 in. LC24F390FHE', 9708, 'assets/img/products/25.jpg', NULL, '23.6', NULL, NULL, NULL, 'Display Type: Curved LED-backlit LCD monitor / TFT active matrix\r\n\r\nViewable Size: 23.6\"\r\n\r\nPanel Type: Plane to Line Switching (PLS)\r\n\r\nNative Resolution: 1920 x 1080 at 60 Hz\r\n\r\nBrightness: 250 cd/m\r\n\r\nContrast Ratio: 1000:1\r\n\r\nConnectivity Interfaces: VGA  HDMI', 9, 4, 1, '2018-01-29 10:33:37', '2018-02-02 04:43:05'),
(26, 'Samsung LS22F355FHEXXP', 5800, 'assets/img/products/26.jpg', NULL, '21.5', NULL, NULL, NULL, '21.5\" TN panel\r\n\r\nFull HD resolution (1920x1080)\r\n\r\nVGA & HDMI input', 9, 4, 1, '2018-01-29 10:38:23', '2018-02-02 04:43:11'),
(27, 'Samsung 21.5 in. LS22F355FHE', 5611, 'assets/img/products/27.jpg', NULL, '21.5', NULL, NULL, NULL, 'Display Type: LED-backlit LCD monitor / TFT active matrix\r\n\r\nViewable Size: 21.5\"\r\n\r\nNative Resolution: 1920 x 1080 at 60 Hz\r\n\r\nBrightness: 200 cd/m2\r\n\r\nContrast Ratio: 1000:1\r\n\r\nResponse Time: 5 ms\r\n\r\nInterfaces: VGA  HDMI', 9, 4, 1, '2018-01-29 10:38:23', '2018-02-02 04:43:21'),
(28, 'Samsung 18.5 in. LS19F355HNEXXP', 4206, 'assets/img/products/28.jpg', NULL, '18.5', NULL, NULL, NULL, 'Display size: 18.5 LED Screen\r\n\r\nNative Resolution: 1366 x 768\r\n\r\nInterface: VGA Only\r\n\r\nContrast Ratio: 1000:1 (Typ.), 700:1 (Min)\r\n\r\nAspect Ratio: 16:9\r\n\r\nResponse time: 14ms\r\n\r\nBrightness: 250 cd/m2\r\n\r\nViewing angle: 178 (H) / 178 (V)', 9, 4, 1, '2018-01-29 10:43:49', '2018-02-02 04:43:34'),
(29, 'Acer S200HQL', 3948, 'assets/img/products/29.jpg', NULL, '19.5', NULL, NULL, NULL, 'Display size and type: 19.5\" LED Monitor\r\n\r\nNative Resolution: 1366 x 768\r\n\r\nContrast Ratio: 100,000,000:1\r\n\r\nAspect Ratio: 16:9\r\n\r\nResponse time: 5 ms\r\n\r\nBrightness: 200 cd / m\r\n\r\nViewing angle: 90 / 65', 1, 4, 1, '2018-01-29 10:43:49', '2018-02-02 04:43:46'),
(30, 'Dell E1916HV', 3794, 'assets/img/products/30.jpg', NULL, '18.5', NULL, NULL, NULL, 'Diagonally Viewable Size: 18.51 inches\r\n\r\nAspect Ratio: Widescreen (16:9)\r\n\r\nPanel Type, Surface: TN\r\n\r\nOptimal resolution: 1366 x 768 at 60 Hz\r\n\r\nPreset Display Area (H x V): 94417.92 sq-mm (146.35 sq-inches)\r\n\r\nContrast Ratio: 600:1 (typical)\r\n\r\nBrightness: 200 cd/m2 (typical)\r\n\r\nResponse Time: 5 ms typical (Black to White)\r\n\r\nInput Connector: VGA\r\n\r\nPower Supply: 100 VAC to 240 VAC ', 5, 4, 1, '2018-01-29 10:48:54', '2018-02-02 04:44:03'),
(31, 'Acer R231', 6900, 'assets/img/products/31.jpg', NULL, '23', NULL, NULL, NULL, '23\" IPS display\r\n\r\nFull HD resolution (1920x1080)\r\n\r\nVGA, DVI, HDMI inputs\r\n\r\nBuilt-in speakers', 1, 4, 1, '2018-01-29 10:56:04', '2018-02-02 04:44:11'),
(32, 'Philips 163V5', 2574, 'assets/img/products/32.jpg', NULL, '15.6', NULL, NULL, NULL, 'Display size and type: 15.6\" Widescreen Monitor\r\n\r\nNative Resolution: 1366  768 @ 60Hz\r\n\r\nContrast Ratio: 10000000:1 (DCR)\r\n\r\nAspect Ratio: 16:9\r\n\r\nResponse time: 8ms\r\n\r\nBrightness: 200 cd/m\r\n\r\nViewing angle: 90/50 (CR10)\r\n\r\nInput: D-SUB (VGA)', 10, 4, 1, '2018-01-29 10:56:04', '2018-02-02 04:44:23'),
(33, 'AOC E2070SWN', 3452, 'assets/img/products/33.jpg', NULL, '19.5', NULL, NULL, NULL, 'Screen Size: 19.5\" W\r\n\r\nBrightness: 200 cd/m2\r\n\r\nContrast Ratio : 20000000:1 (DCR)\r\n\r\nR.Time (typical): 5ms\r\n\r\nViewing Angle: 80/45 (CR>10)\r\n\r\nResolution: 1366x768', 11, 4, 1, '2018-01-29 11:31:30', '2018-02-02 04:44:33'),
(34, 'AOC M2060SWD', 3681, 'assets/img/products/34.jpg', NULL, '19.5', NULL, NULL, NULL, 'Screen Size : 19.53\" Wide\r\n\r\nBrightness : 250cd/m\r\n\r\nContrast Ratio : 20,000,000 : 1\r\n\r\nResponse Time : 6ms\r\n\r\nRecommended Resolution : 1920x1080 Full HD\r\n\r\nInput Singal : D-Sub / DVI\r\n\r\nWall Mount : Yes', 11, 4, 1, '2018-01-29 11:31:30', '2018-02-02 04:44:43'),
(35, 'AOC E1670SW', 2666, 'assets/img/products/35.jpg', NULL, '15.6', NULL, NULL, NULL, 'Screen Size: 15.6\" W\r\n\r\nBrightness: 200 cd/m2\r\n\r\nContrast Ratio : 20000000:1 (DCR)\r\n\r\nR.Time (typical): 8ms\r\n\r\nViewing Angle: 80/45 (CR>10)\r\n\r\nResolution: 1366', 11, 4, 1, '2018-01-29 11:36:23', '2018-02-02 04:44:57'),
(36, 'PHILIPS 193V5LSB23/71', 4388, 'assets/img/products/36.jpg', NULL, '18.5', NULL, NULL, NULL, 'Display size and type: 18.5\" Widescreen Monitor\r\n\r\nNative Resolution: 1366 x 768\r\n\r\nContrast Ratio: 10,000,000:1\r\n\r\nAspect Ratio: 16:9\r\n\r\nResponse time: 5ms\r\n\r\nBrightness: 200 cd/m\r\n\r\nViewing angle: 90 (H) / 65 (V) @ C/R > 10\r\n\r\nInput: D-Sub (VGA)', 10, 4, 1, '2018-01-29 11:36:23', '2018-02-02 04:45:09'),
(37, 'Philips 19DP6Q 32', 90325, 'assets/img/products/37.jpg', NULL, '32', NULL, NULL, NULL, 'PHILIPS Two in One LCD Monitor 19DP6Q\r\n\r\nwide and large\r\n\r\nEnough size for all kinds of work', 10, 4, 1, '2018-01-29 12:13:55', '2018-02-02 04:45:16'),
(38, 'Logitech G933 Artemis', 5800, 'assets/img/products/38.jpg', NULL, NULL, NULL, NULL, NULL, 'Pro-G audio drivers for superior performance\r\n\r\nG933 Artemis Spectrum works with PC, mobile, home theater devices, and game consoles, including PS4 and Xbox One\r\n\r\nCombine an analog input on the wireless mix adapter with a powered USB port to make your analog audio devices wireless.\r\n\r\nNo more game interruptions from incoming calls. Answer the call while you continue your game without pausing or taking your eyes off the action.', 14, 3, 1, '2018-01-29 13:33:03', '2018-02-02 04:45:23'),
(39, 'Logitech G430', 3100, 'assets/img/products/39.jpg', NULL, NULL, NULL, NULL, NULL, 'Dolby 7.1 surround sound: Experience an immersive 360-degree sound field that lets you hear what you can\'t see\r\n\r\nBuilt for comfort: Lightweight design and soft sport cloth ear cups with 90-degree swivel for maximum comfort and a personalized fit\r\n\r\nFolding, noise-cancelling boom mic: Reduces background noise for clear voice pick up and rotates up and out of the way\r\n\r\nOn-cable sound controls: Volume dial and mute switch are close at hand for quick audio adjustments', 14, 3, 1, '2018-01-29 13:33:03', '2018-02-02 04:45:30'),
(40, 'SteelSeries Arctis 7', 5700, 'assets/img/products/40.jpg', NULL, NULL, NULL, NULL, NULL, 'S1 AUDIO DRIVER AND DTS HEADPHONE X7.1 SURROUND SOUND: The S1 speaker drivers are engineered to produce detailed, balanced soundscape with ultra-low distortion for your games, music, movies, and more. DTS Headphone:X - Premium 7.1 surround sound on PC (stereo audio available on Mac, PS4, Xbox ONE, VR, Switch, and Mobile / Windows 7+ Only).\r\n\r\nEXCLUSIVE AIRWAVE EAR CUSHIONS AND GOGGLE SUSPENSION BAND: Arctis headsets feature athletics-inspired performance fabric AirWeave ear cushions to keep your ears cool and dry.The exclusive ski goggle suspension headband perfectly contours across your entire head, comfortably distributing the weight and eliminating pressure points.\r\n\r\nON EAR CHATMIX DIAL AND AUDIO CONTROLS: On-headset ChatMix dial lets you adjust the balance between game and chat volume on the fly (PC and Mac only).\r\n\r\nLAG-FREE WIRELESS AUDIO AND CLEARCAST MIC: Lag-free 2.4 GHz wireless audio with auto-channel hopping technology for dropout-free performance and up to 40ft/12m of wireless range.The ClearCast microphone uses a proprietary bidirectional design delivering studio-quality voice clarity and background noise cancellation.', 13, 3, 1, '2018-01-29 13:37:10', '2018-02-02 04:45:47'),
(41, 'SteelSeries Flux', 1700, 'assets/img/products/41.jpg', NULL, NULL, NULL, NULL, NULL, 'Includes interchangeable cable connections - PC, Mobile, and 2m extension cables\r\n\r\nDual jacks so your friend can listen with you\r\n\r\nHigh quality finish and diamond cut SteelSeries logo\r\n\r\nSlim foldable gaming headset with oncable microphone\r\n\r\n40 mm drivers with super high grade mylar\r\n\r\nInterchangeable earcushions and ear cup plates - 2nd set of designer ear cup plates included\r\n\r\nFlux Headset carrying case', 13, 3, 1, '2018-01-29 13:37:10', '2018-02-02 04:46:00'),
(42, 'SADES A60', 1400, 'assets/img/products/42.jpg', NULL, NULL, NULL, NULL, NULL, 'VERSATILE COMPATIBILITY: Compatible with Mac, Windows XP, Vista, 7, 8, and 8.1,10; The headphone is NOT compatible with Xbox and PlayStation(Console); The headset has high sensitive Microphone and driver-free suitable for all audio devices with USB port.\r\n\r\nNOISE CANCELING: Closed earcup design in Sades A60S/OMG Gaming Headset, covers your entire ear and cuts out external sound very effectively, and with none of the irritating \'seashell effect\' many headsets suffer.\r\n\r\nHIGH QUALITY MICROPHONE:The gaming mic in our sades headphone is high sensitive and durable.It\'s crystal clear and well-grounded so it doesn\'t crackle as you adjust it.\r\n\r\nEXTERNAL AUDIO CONTROL: Includes an external audio volume control for quick and convenient adjustment. COMFORTABLE FIT: In this gaming headphone all contact points are finished in soft but durable materials, and the memory foam around each earcup keeps you comfortable for long periods.\r\n\r\nHIGH MAGNETIC NDFEB DRIVER UNITS: Clear sound gaming headset, operating strong brass,acoustic positioning precision, you can feel the full force of an explosion, a grenade blast, or a brostep drop. PLUG & PLAY: No setup or installation necessary. The headphone is packaged ready for instant use and enjoyment.', 12, 3, 1, '2018-01-29 13:42:57', '2018-02-02 04:46:09'),
(43, 'SADES Spirit Wolf', 1500, 'assets/img/products/43.jpg', NULL, NULL, NULL, NULL, NULL, 'LATEST HIGH MAGNETIC NDFEB DRIVER:More clear sound gaming headset, with the strong brass, acoustic positioning precision, you can feel the full force of an explosion, a grenade blast, or a brostep drop.Glaring and breathing LED lights are designed on the earcups and microphone, highlighting the atmosphere of the game.\r\n\r\nCOMFORTABLE FIT AND CONVENIENCE: In this gaming headphones all contact points are finished in soft but durable materials, and the updated memory foam around each earcup keeps you comfortable for long periods.Line is equipped with a rotary volume controller, one key Mic mute, more convenient to use.\r\n\r\nHIGH QUALITY SENSITIVE MICROPHONE: The gaming mic in our SADES headphone is high sensitive and durable. It\'s crystal clear and well-grounded so it doesn\'t crackle as you adjust it.\r\n\r\nCOMPATABILITY: Headset works with PC, Laptop, computer. Notice: Please kindly know that all the products would be checked or tested before shipping out to ensure a good shopping experience.\r\n\r\nNOISE CANCELING: Updated closed earcups design in Sades SPIRITWOLF USB version PC Gaming Headset,PLUGS AND PLAY covers your entire ear and cuts out external sound very effectively, and with none of the irritating \'seashell effect\' many headsets suffer.Environmental Protection Materials.', 12, 3, 1, '2018-01-29 13:42:57', '2018-02-02 04:46:24'),
(44, 'Sades SA810', 1400, 'assets/img/products/44.jpg', NULL, NULL, NULL, NULL, NULL, ' Universal Compatibility: Works great with PlayStation 4 / Xbox One / Mac / Desktop / Laptop. Please note you need an extra Microsoft Adapter if you own an old version Xbox One controller.\r\n\r\n Clear Communication: Premium omnidirectional microphone can absorb sound sources in 360 degrees, making it perfect to chat with other players\r\n\r\n Accurate Sound Pickup: Capture the sound of flying bullets, footsteps and all special sound effects throughout the game and deliver a clear, crisp and rich sound\r\n\r\n Built For Comfort: These PS4 headsets have nice thick padding on both the headband and the ear cups so that they can be worn comfortably for a long time\r\n\r\n Noise Cancelling: Closed earcup design covers your entire ears and cuts out external sound effectively, and with none of the irritating \'seashell effect\' many headsets suffer', 12, 3, 1, '2018-01-29 13:47:34', '2018-02-02 04:46:33'),
(45, 'SADES SA807', 1100, 'assets/img/products/45.jpg', NULL, NULL, NULL, NULL, NULL, 'New Released Primary kind of gaming headset workable on multi-platform, perfect for playing games.Delivers clear sound and deep bass in real game fight.\r\n\r\nSuper soft 3-pieces cushioned headband and well-padded ear cushions allow you to game for a long period comfortably, supporting you to win in a game greatly.\r\n\r\n360 rotating microphone allows you to set the mike anywehere you like and is able to pick up your voice best. Unlike other headsets, Sades SA807 focus on creating the best voice and audio.\r\n\r\nVERSATILE COMPATIBILITY;Works great with new Xbox One controller with the 3.5mm jack, PS4 Pro and PS4, as well as PC, Mac, and mobile/tablet devices with a 3.5mm connection\r\n\r\nCONVINIENT TO USE;CLine is equipped with a rotary volume controller, one key Mic mute', 12, 3, 1, '2018-01-29 13:47:34', '2018-02-02 04:46:41'),
(46, 'SteelSeries Siberia v2', 5500, 'assets/img/products/46.jpg', NULL, NULL, NULL, NULL, NULL, 'Closed ear headphones\r\n\r\nPull-out microphone\r\n\r\nCrystal clear high, low and mid-tones\r\n\r\n50mm driver units\r\n\r\nLightweight suspension construction\r\n\r\nIntegrated volume control located on the cord', 13, 3, 1, '2018-01-29 13:52:33', '2018-02-02 04:46:52'),
(47, 'Logitech G533', 5500, 'assets/img/products/47.jpg', NULL, NULL, NULL, NULL, NULL, 'Logitech G gaming headset for Windows 7 and later delivers the advanced audio performance normally found in high end audiophile headphones, Custom Sound Profiles settings require Logitech Gaming Software\r\n\r\nPatent pending Pro G drivers and DTS Headphone: X 7.1 Surround Sound accurately recreate the in-game environmental effects and positional audio that game designers intended you to hear\r\n\r\nPro grade wireless audio with advanced lossless digital audio transmission gives you incredible high fidelity sound and connection strength with up to 15 meters range\r\n\r\nHigh performance PC gaming headset made with the latest materials and manufacturing techniques is designed to be a durable yet lightweight headset you can wear for hours\r\n\r\nRechargeable, replaceable battery with 15 hour battery life provides extended power you can rely on for non-stop gaming sessions', 14, 3, 1, '2018-01-29 13:52:33', '2018-01-30 07:50:53');

-- --------------------------------------------------------

--
-- Table structure for table `sql_errors`
--
-- Creation: Feb 05, 2018 at 04:56 PM
--

DROP TABLE IF EXISTS `sql_errors`;
CREATE TABLE `sql_errors` (
  `id` int(11) NOT NULL,
  `error` text NOT NULL,
  `status_id` int(11) NOT NULL,
  `creation_date` timestamp NOT NULL DEFAULT CURRENT_TIMESTAMP,
  `update_date` timestamp NULL DEFAULT NULL ON UPDATE CURRENT_TIMESTAMP
) ENGINE=InnoDB DEFAULT CHARSET=utf8;

--
-- Dumping data for table `sql_errors`
--

INSERT INTO `sql_errors` (`id`, `error`, `status_id`, `creation_date`, `update_date`) VALUES
(1, '#regForm, submit:<br />\n<b>Warning</b>:  mysqli_error() expects exactly 1 parameter, 0 given in <b>C:\\xampp\\htdocs\\csp2\\register_endpoint.php</b> on line <b>134</b><br />\n<br />\n<b>Fatal error</b>:  Query failed! SQL: INSERT INTO users (user_id, username, password, email, first_name, last_name, sex, birthday, address, city_id, province_id, phil_region_id, intl_region_state_id, country_id, creation_date, update_date) SELECT * FROM (SELECT NULL as id, \'user1\' as user, \'$2y$10$yvei.hK5BUa8Akn/CCibZ.RiMB/qM/KJxyszux3XFimGEDcXaqUIW\' as pass, \'user1@user.com\' as mail, \'User1\' as firstname, \'User1\' as lastname, \'2\' as sex, \'2000-01-30\' as bday, \'Pateros, Manila, Philippines\' as streetaddress, 6 as city, 1 as province, 1 as philregion, NULL as intlregion, \'164\' as country, CURRENT_TIMESTAMP as creationtime, NULL as updatetime) AS tmp WHERE NOT EXISTS (SELECT staff.username FROM staff WHERE staff.username = \'user1\'); INSERT INTO cart (user_id, cart_status_id) VALUES ((SELECT user_id FROM users WHERE username = \'user1\'),3); - Error:  in <b>C:\\xampp\\htdocs\\csp2\\register_endpoint.php</b> on line <b>134</b><br />\n', 3, '2018-02-02 07:12:29', NULL),
(2, '#regForm, submit:<br />\n<b>Warning</b>:  mysqli_real_escape_string() expects exactly 2 parameters, 1 given in <b>C:\\xampp\\htdocs\\csp2\\admin_endpoint.php</b> on line <b>625</b><br />\n<br />\n<b>Warning</b>:  mysqli_error() expects exactly 1 parameter, 0 given in <b>C:\\xampp\\htdocs\\csp2\\admin_endpoint.php</b> on line <b>628</b><br />\n<br />\n<b>Fatal error</b>:  Query failed! SQL: UPDATE users SET username = \'user8\', email = \'user8@user.com\', first_name = \'User7\', last_name = \'user7\', sex = \'2\', birthday = \'2000-01-02\', address = \'Arubas\', city_id = \'1434\', province_id = \'84\', phil_region_id = \'18\', intl_region_id = \'72\', country_id = \'6\' WHERE user_id = \'\' - Error:  in <b>C:\\xampp\\htdocs\\csp2\\admin_endpoint.php</b> on line <b>628</b><br />\n', 3, '2018-02-04 19:47:31', NULL),
(3, '#regForm, submit:<br />\n<b>Warning</b>:  mysqli_real_escape_string() expects exactly 2 parameters, 1 given in <b>C:\\xampp\\htdocs\\csp2\\admin_endpoint.php</b> on line <b>625</b><br />\n<br />\n<b>Warning</b>:  mysqli_error() expects exactly 1 parameter, 0 given in <b>C:\\xampp\\htdocs\\csp2\\admin_endpoint.php</b> on line <b>628</b><br />\n<br />\n<b>Fatal error</b>:  Query failed! SQL: UPDATE users SET username = \'user7\', email = \'user7@user.com\', first_name = \'user7\', last_name = \'user7\', sex = \'1\', birthday = \'2000-01-30\', address = \'Arubas\', city_id = \'1434\', province_id = \'84\', phil_region_id = \'18\', intl_region_id = \'3890\', country_id = \'13\' WHERE user_id = \'\' - Error:  in <b>C:\\xampp\\htdocs\\csp2\\admin_endpoint.php</b> on line <b>628</b><br />\n', 3, '2018-02-04 19:48:37', NULL),
(4, '#regForm, submit:<br />\n<b>Warning</b>:  mysqli_real_escape_string() expects exactly 2 parameters, 1 given in <b>C:\\xampp\\htdocs\\csp2\\admin_endpoint.php</b> on line <b>625</b><br />\n<br />\n<b>Warning</b>:  mysqli_error() expects exactly 1 parameter, 0 given in <b>C:\\xampp\\htdocs\\csp2\\admin_endpoint.php</b> on line <b>628</b><br />\n<br />\n<b>Fatal error</b>:  Query failed! SQL: UPDATE users SET username = \'user7\', email = \'user7@user.com\', first_name = \'user7\', last_name = \'user7\', sex = \'1\', birthday = \'2000-01-30\', address = \'Aruba\', city_id = \'1434\', province_id = \'84\', phil_region_id = \'18\', intl_region_id = \'3890\', country_id = \'13\' WHERE user_id = \'\' - Error:  in <b>C:\\xampp\\htdocs\\csp2\\admin_endpoint.php</b> on line <b>628</b><br />\n', 3, '2018-02-04 19:51:00', NULL),
(5, '#regForm, submit:<br />\n<b>Warning</b>:  mysqli_real_escape_string() expects exactly 2 parameters, 1 given in <b>C:\\xampp\\htdocs\\csp2\\admin_endpoint.php</b> on line <b>625</b><br />\n<br />\n<b>Warning</b>:  mysqli_error() expects exactly 1 parameter, 0 given in <b>C:\\xampp\\htdocs\\csp2\\admin_endpoint.php</b> on line <b>628</b><br />\n<br />\n<b>Fatal error</b>:  Query failed! SQL: UPDATE users SET username = \'user7\', email = \'user7@user.com\', first_name = \'user7\', last_name = \'user7\', sex = \'1\', birthday = \'2000-01-30\', address = \'Aruba\', city_id = \'1434\', province_id = \'84\', phil_region_id = \'18\', intl_region_id = \'3890\', country_id = \'13\' WHERE user_id = \'\' - Error:  in <b>C:\\xampp\\htdocs\\csp2\\admin_endpoint.php</b> on line <b>628</b><br />\n', 3, '2018-02-04 19:52:50', NULL),
(6, '#regForm, submit:<br />\n<b>Notice</b>:  Undefined index: user_id in <b>C:\\xampp\\htdocs\\csp2\\admin_endpoint.php</b> on line <b>631</b><br />\n<br />\n<b>Warning</b>:  mysqli_real_escape_string() expects exactly 2 parameters, 1 given in <b>C:\\xampp\\htdocs\\csp2\\admin_endpoint.php</b> on line <b>631</b><br />\n<br />\n<b>Warning</b>:  mysqli_error() expects exactly 1 parameter, 0 given in <b>C:\\xampp\\htdocs\\csp2\\admin_endpoint.php</b> on line <b>634</b><br />\n<br />\n<b>Fatal error</b>:  Query failed! SQL: UPDATE users SET username = \'user8\', password = \'$2y$10$ioLQkvTGDRe4RrXedbKVXOSiu/ujuzwCAyRdD4l.2P3YquNIJuKjW\', email = \'user8@user.com\', first_name = \'user8\', last_name = \'user8\', sex = \'1\', birthday = \'2000-01-30\', address = \'ass\', city_id = \'1434\', province_id = \'84\', phil_region_id = \'18\', intl_region_id = \'3890\', country_id = \'5\' WHERE user_id = \'\' - Error:  in <b>C:\\xampp\\htdocs\\csp2\\admin_endpoint.php</b> on line <b>634</b><br />\n', 3, '2018-02-04 20:06:40', NULL),
(7, '#regForm, submit:<br />\n<b>Notice</b>:  Undefined index: user_id in <b>C:\\xampp\\htdocs\\csp2\\admin_endpoint.php</b> on line <b>631</b><br />\n<br />\n<b>Warning</b>:  mysqli_real_escape_string() expects exactly 2 parameters, 1 given in <b>C:\\xampp\\htdocs\\csp2\\admin_endpoint.php</b> on line <b>631</b><br />\n<br />\n<b>Warning</b>:  mysqli_error() expects exactly 1 parameter, 0 given in <b>C:\\xampp\\htdocs\\csp2\\admin_endpoint.php</b> on line <b>634</b><br />\n<br />\n<b>Fatal error</b>:  Query failed! SQL: UPDATE users SET username = \'user8\', password = \'$2y$10$MaALS8FEzbWEixT61IC7lOuHGZ9U2SXqlxGadLZfrx24WlyZxEagm\', email = \'user8@user.com\', first_name = \'user8\', last_name = \'user8\', sex = \'1\', birthday = \'2000-01-30\', address = \'ass\', city_id = \'1434\', province_id = \'84\', phil_region_id = \'18\', intl_region_id = \'3890\', country_id = \'5\' WHERE user_id = \'\' - Error:  in <b>C:\\xampp\\htdocs\\csp2\\admin_endpoint.php</b> on line <b>634</b><br />\n', 3, '2018-02-04 20:07:35', NULL),
(8, '#regForm, submit:<br />\n<b>Warning</b>:  mysqli_error() expects exactly 1 parameter, 0 given in <b>C:\\xampp\\htdocs\\csp2\\admin_endpoint.php</b> on line <b>634</b><br />\n<br />\n<b>Fatal error</b>:  Query failed! SQL: UPDATE users SET username = \'user8\', password = \'$2y$10$4zrgNcF66clsOiiISAl01eRNbsih9kRo3vUXGutH7FZy.xM17SW06\', email = \'user8@user.com\', first_name = \'user9\', last_name = \'user0\', sex = \'1\', birthday = \'2000-01-30\', address = \'asd\', city_id = \'1434\', province_id = \'84\', phil_region_id = \'18\', intl_region_id = \'3890\', country_id = \'5\' WHERE user_id = \'9\' - Error:  in <b>C:\\xampp\\htdocs\\csp2\\admin_endpoint.php</b> on line <b>634</b><br />\n', 3, '2018-02-04 20:09:21', NULL),
(9, '#regForm, submit:<br />\n<b>Notice</b>:  Undefined index: birthday in <b>C:\\xampp\\htdocs\\csp2\\admin_endpoint.php</b> on line <b>648</b><br />\n<br />\n<b>Notice</b>:  Undefined index: country in <b>C:\\xampp\\htdocs\\csp2\\admin_endpoint.php</b> on line <b>649</b><br />\n<br />\n<b>Notice</b>:  Undefined index: address in <b>C:\\xampp\\htdocs\\csp2\\admin_endpoint.php</b> on line <b>674</b><br />\n', 3, '2018-02-04 21:39:46', NULL),
(10, '#regForm, submit:<br />\n<b>Notice</b>:  Undefined index: birthday in <b>C:\\xampp\\htdocs\\csp2\\admin_endpoint.php</b> on line <b>648</b><br />\n<br />\n<b>Notice</b>:  Undefined index: country in <b>C:\\xampp\\htdocs\\csp2\\admin_endpoint.php</b> on line <b>649</b><br />\n<br />\n<b>Notice</b>:  Undefined index: address in <b>C:\\xampp\\htdocs\\csp2\\admin_endpoint.php</b> on line <b>674</b><br />\n', 3, '2018-02-04 21:40:50', NULL),
(11, '#regForm, submit:<br />\n<b>Fatal error</b>:  Query failed! SQL: INSERT INTO staff (username, password, email, first_name, last_name, sex) VALUES (\'Admin\', \'$2y$10$A1m7d1wkMzcXKUrVUf4TduvA8Y9CQb1lggxFPiSWrjsuUzESJcLOG\', \'andromarces@gmail.com\', \'Andro\', \'Marces\', \'2\') - Error: Duplicate entry \'andromarces@gmail.com\' for key \'email\' in <b>C:\\xampp\\htdocs\\csp2\\admin_endpoint.php</b> on line <b>775</b><br />\n', 3, '2018-02-04 23:02:44', NULL);

-- --------------------------------------------------------

--
-- Table structure for table `staff`
--
-- Creation: Feb 05, 2018 at 04:56 PM
--

DROP TABLE IF EXISTS `staff`;
CREATE TABLE `staff` (
  `staff_id` int(11) NOT NULL,
  `username` varchar(255) NOT NULL,
  `password` varchar(255) NOT NULL,
  `email` varchar(255) NOT NULL,
  `first_name` varchar(255) NOT NULL,
  `last_name` varchar(255) NOT NULL,
  `sex` int(11) NOT NULL,
  `creation_date` timestamp NOT NULL DEFAULT CURRENT_TIMESTAMP,
  `update_date` timestamp NULL DEFAULT NULL ON UPDATE CURRENT_TIMESTAMP
) ENGINE=InnoDB DEFAULT CHARSET=utf8;

--
-- Dumping data for table `staff`
--

INSERT INTO `staff` (`staff_id`, `username`, `password`, `email`, `first_name`, `last_name`, `sex`, `creation_date`, `update_date`) VALUES
(1, 'Admin', '$2y$10$Txo/gSxnNK7W0hl6OHZ33OR2rqeK2kHRuo.FBwxLxxc6nhb4jB9vm', 'andromarces@gmail.com', 'Andro', 'Marces', 2, '2018-01-24 10:24:03', '2018-02-04 23:16:17'),
(3, 'admin3', '$2y$10$u/MN.DURk4GmJVzfy2feKu3UsdOcg8xLnfaRXJWbZ/L5ZBt/6r.ce', 'admin3@admin.com', 'admin3', 'admin3', 2, '2018-02-04 21:40:50', NULL),
(4, 'admin4', '$2y$10$k76KHRvK5x7MEkWOoFoYG..uWS.juSl38UTp29yD0wyMXEhIR0mgC', 'admin4@admin.com', 'admin4', 'admin4', 2, '2018-02-04 21:45:52', NULL);

-- --------------------------------------------------------

--
-- Table structure for table `status_cart_order`
--
-- Creation: Feb 05, 2018 at 04:56 PM
--

DROP TABLE IF EXISTS `status_cart_order`;
CREATE TABLE `status_cart_order` (
  `status_id` int(11) NOT NULL,
  `status` varchar(255) NOT NULL,
  `creation_timestamp` timestamp NOT NULL DEFAULT CURRENT_TIMESTAMP,
  `update_timestamp` timestamp NULL DEFAULT NULL ON UPDATE CURRENT_TIMESTAMP
) ENGINE=InnoDB DEFAULT CHARSET=utf8;

--
-- Dumping data for table `status_cart_order`
--

INSERT INTO `status_cart_order` (`status_id`, `status`, `creation_timestamp`, `update_timestamp`) VALUES
(1, 'added', '2018-01-24 11:24:14', NULL),
(2, 'ordered', '2018-01-24 11:24:14', NULL),
(3, 'open', '2018-01-24 11:24:14', '2018-01-24 11:26:09'),
(4, 'cancelled', '2018-01-24 11:24:14', NULL),
(5, 'closed', '2018-01-24 11:27:09', NULL);

-- --------------------------------------------------------

--
-- Table structure for table `users`
--
-- Creation: Feb 05, 2018 at 04:56 PM
--

DROP TABLE IF EXISTS `users`;
CREATE TABLE `users` (
  `user_id` int(11) NOT NULL,
  `username` varchar(255) NOT NULL,
  `password` varchar(255) NOT NULL,
  `email` varchar(255) NOT NULL,
  `first_name` varchar(255) NOT NULL,
  `last_name` varchar(255) NOT NULL,
  `sex` int(11) NOT NULL,
  `birthday` date NOT NULL,
  `address` varchar(255) NOT NULL,
  `city_id` int(11) DEFAULT NULL,
  `province_id` int(11) DEFAULT NULL,
  `phil_region_id` int(11) DEFAULT NULL,
  `intl_region_state_id` int(11) UNSIGNED DEFAULT NULL,
  `country_id` smallint(5) UNSIGNED NOT NULL,
  `creation_date` timestamp NOT NULL DEFAULT CURRENT_TIMESTAMP,
  `update_date` timestamp NULL DEFAULT NULL ON UPDATE CURRENT_TIMESTAMP
) ENGINE=InnoDB DEFAULT CHARSET=utf8;

--
-- Dumping data for table `users`
--

INSERT INTO `users` (`user_id`, `username`, `password`, `email`, `first_name`, `last_name`, `sex`, `birthday`, `address`, `city_id`, `province_id`, `phil_region_id`, `intl_region_state_id`, `country_id`, `creation_date`, `update_date`) VALUES
(1, 'Andro', '$2y$10$VGmqxU/307BN3SsOxyYD6Ox8TOfSOtRSYBBagxX8W.6etOC0ZaCjm', 'surferion@gmail.com', 'Andro', 'Marces', 2, '1986-02-09', 'Buhangin, Davao City', 1203, 67, 14, 3890, 164, '2018-01-27 12:43:47', '2018-02-04 03:34:32'),
(2, 'user1', '$2y$10$K4x3jJNk7n5dC7DUQ9ejWOIgCICzofybRpc8UDoF8hL7x3P9dWCLG', 'user1@user.com', 'User1', 'User1', 2, '2000-01-30', 'Gamu, Philippines', 253, 14, 4, 3890, 164, '2018-02-02 07:25:38', '2018-02-04 03:34:43'),
(3, 'user2', '$2y$10$BzMAB6p1WOwlAWYTk9k6MevkvsMACNoKg8OXdu00GLySWBMDYwNwC', 'user2@user.com', 'User2', 'User2', 2, '2000-01-31', 'Tayabas, Philippines', 512, 27, 6, 3890, 164, '2018-02-02 07:37:53', '2018-02-04 03:34:51'),
(4, 'user3', '$2y$10$r10esVAZDT/0T7ERs2rDx.g9vbXGMSZ2VKBOHkYXyfkmK8x.TyS8e', 'user3@user.com', 'User3', 'User3', 1, '2000-01-30', 'Angola', 1434, 84, 18, 3890, 9, '2018-02-04 03:45:52', NULL),
(5, 'user4', '$2y$10$OiQQVH.QhEbg92nG35jiEOQDb7ZAeJn.JEoNEY2S3ehaB7TDZkEYW', 'user4@email.com', 'User4', 'User4', 1, '2000-02-01', 'San Jose, Philippines', 707, 41, 9, 3890, 164, '2018-02-04 03:47:35', NULL),
(6, 'user5', '$2y$10$zOtD8qO1jiX2zgvGqFtuyuv4of4uzhkdH.lc4X8CNRhjADXxoWCsG', 'user5@email.com', 'User5', 'User5', 1, '2000-01-03', 'Luxembourg, Belgium', 1434, 84, 18, 243, 18, '2018-02-04 03:49:21', NULL),
(7, 'user6', '$2y$10$qyAT.crADpkBPaz0Is9CBOFGGOU4urv0ulcuxFQ/iQS1Ezr14arX2', 'user6@user.com', 'User6', 'User6', 2, '2000-01-30', 'Street 99', 1434, 84, 18, 3890, 5, '2018-02-04 11:15:38', NULL),
(8, 'arcanejee', '$2y$10$9jZHBf1b.O1HdWrCVJvmAe0tQNJB./zrZZgm7nQRA1xi7vEw2918W', 'jilliangracerelizalde@gmail.com', 'Jillian Grace', 'Elizalde', 1, '1986-10-06', 'Tancontian Subd., Cabaguio, Agdao, Davao City', 1203, 67, 14, 3890, 164, '2018-02-06 01:45:22', NULL);

--
-- Indexes for dumped tables
--

--
-- Indexes for table `brands`
--
ALTER TABLE `brands`
  ADD PRIMARY KEY (`brand_id`),
  ADD UNIQUE KEY `brand_name` (`brand_name`);

--
-- Indexes for table `cart`
--
ALTER TABLE `cart`
  ADD PRIMARY KEY (`cart_id`),
  ADD KEY `FK_user_id_cart` (`user_id`),
  ADD KEY `FK_status_id_cart` (`cart_status_id`);

--
-- Indexes for table `cart_items`
--
ALTER TABLE `cart_items`
  ADD PRIMARY KEY (`cart_item_id`),
  ADD UNIQUE KEY `cart_item_id` (`cart_item_id`),
  ADD KEY `FK_product_id_cart_items` (`item_id`),
  ADD KEY `FK_cart_id_cart_items` (`cart_id`);

--
-- Indexes for table `categories`
--
ALTER TABLE `categories`
  ADD PRIMARY KEY (`category_id`),
  ADD UNIQUE KEY `category_id` (`category_id`),
  ADD UNIQUE KEY `category` (`category`);

--
-- Indexes for table `countries`
--
ALTER TABLE `countries`
  ADD PRIMARY KEY (`id`),
  ADD UNIQUE KEY `name` (`name`);

--
-- Indexes for table `gender`
--
ALTER TABLE `gender`
  ADD PRIMARY KEY (`id`);

--
-- Indexes for table `intl_regions`
--
ALTER TABLE `intl_regions`
  ADD PRIMARY KEY (`id`),
  ADD KEY `FK_country_id_intl_regions` (`country_id`);

--
-- Indexes for table `orders`
--
ALTER TABLE `orders`
  ADD PRIMARY KEY (`id`),
  ADD KEY `FK_status_id_orders` (`order_status`);

--
-- Indexes for table `phil_city`
--
ALTER TABLE `phil_city`
  ADD PRIMARY KEY (`city_id`),
  ADD UNIQUE KEY `city_id` (`city_id`),
  ADD KEY `FK_province_id_phil_city` (`province_id`);

--
-- Indexes for table `phil_province`
--
ALTER TABLE `phil_province`
  ADD PRIMARY KEY (`province_id`),
  ADD UNIQUE KEY `province_id` (`province_id`),
  ADD KEY `FK_region_id_phil_province` (`region_id`);

--
-- Indexes for table `phil_region`
--
ALTER TABLE `phil_region`
  ADD PRIMARY KEY (`region_id`),
  ADD UNIQUE KEY `region_name` (`region_name`),
  ADD UNIQUE KEY `region_id` (`region_id`);

--
-- Indexes for table `priority`
--
ALTER TABLE `priority`
  ADD PRIMARY KEY (`id`),
  ADD UNIQUE KEY `priority` (`priority`);

--
-- Indexes for table `products`
--
ALTER TABLE `products`
  ADD PRIMARY KEY (`product_id`),
  ADD UNIQUE KEY `product_id` (`product_id`),
  ADD UNIQUE KEY `name` (`name`),
  ADD KEY `category_id` (`category_id`),
  ADD KEY `FK_brand_id_products` (`brand_id`),
  ADD KEY `FK_priority_id` (`priority_id`);

--
-- Indexes for table `sql_errors`
--
ALTER TABLE `sql_errors`
  ADD PRIMARY KEY (`id`),
  ADD KEY `FK_status_id_sql_errors` (`status_id`);

--
-- Indexes for table `staff`
--
ALTER TABLE `staff`
  ADD PRIMARY KEY (`staff_id`),
  ADD UNIQUE KEY `username` (`username`),
  ADD UNIQUE KEY `email` (`email`),
  ADD UNIQUE KEY `staff_id` (`staff_id`),
  ADD KEY `FK_gender_id_staff` (`sex`);

--
-- Indexes for table `status_cart_order`
--
ALTER TABLE `status_cart_order`
  ADD PRIMARY KEY (`status_id`),
  ADD UNIQUE KEY `status` (`status`);

--
-- Indexes for table `users`
--
ALTER TABLE `users`
  ADD PRIMARY KEY (`user_id`),
  ADD UNIQUE KEY `id` (`user_id`),
  ADD UNIQUE KEY `username` (`username`),
  ADD UNIQUE KEY `email` (`email`),
  ADD KEY `FK_city_id_users` (`city_id`),
  ADD KEY `FK_phil_region_id_users` (`phil_region_id`),
  ADD KEY `FK_province_id_users` (`province_id`),
  ADD KEY `FK_countries_id_users` (`country_id`),
  ADD KEY `FK_intl_regions_id_users` (`intl_region_state_id`),
  ADD KEY `FK_gender_id_users` (`sex`);

--
-- AUTO_INCREMENT for dumped tables
--

--
-- AUTO_INCREMENT for table `brands`
--
ALTER TABLE `brands`
  MODIFY `brand_id` int(11) NOT NULL AUTO_INCREMENT, AUTO_INCREMENT=15;

--
-- AUTO_INCREMENT for table `cart`
--
ALTER TABLE `cart`
  MODIFY `cart_id` int(11) NOT NULL AUTO_INCREMENT, AUTO_INCREMENT=15;

--
-- AUTO_INCREMENT for table `cart_items`
--
ALTER TABLE `cart_items`
  MODIFY `cart_item_id` int(11) NOT NULL AUTO_INCREMENT, AUTO_INCREMENT=32;

--
-- AUTO_INCREMENT for table `categories`
--
ALTER TABLE `categories`
  MODIFY `category_id` int(11) NOT NULL AUTO_INCREMENT, AUTO_INCREMENT=5;

--
-- AUTO_INCREMENT for table `countries`
--
ALTER TABLE `countries`
  MODIFY `id` smallint(5) UNSIGNED NOT NULL AUTO_INCREMENT, AUTO_INCREMENT=231;

--
-- AUTO_INCREMENT for table `gender`
--
ALTER TABLE `gender`
  MODIFY `id` int(11) NOT NULL AUTO_INCREMENT, AUTO_INCREMENT=3;

--
-- AUTO_INCREMENT for table `intl_regions`
--
ALTER TABLE `intl_regions`
  MODIFY `id` int(11) UNSIGNED NOT NULL AUTO_INCREMENT, AUTO_INCREMENT=3891;

--
-- AUTO_INCREMENT for table `orders`
--
ALTER TABLE `orders`
  MODIFY `id` int(11) NOT NULL AUTO_INCREMENT, AUTO_INCREMENT=20;

--
-- AUTO_INCREMENT for table `phil_city`
--
ALTER TABLE `phil_city`
  MODIFY `city_id` int(11) NOT NULL AUTO_INCREMENT, AUTO_INCREMENT=1435;

--
-- AUTO_INCREMENT for table `phil_province`
--
ALTER TABLE `phil_province`
  MODIFY `province_id` int(11) NOT NULL AUTO_INCREMENT, AUTO_INCREMENT=85;

--
-- AUTO_INCREMENT for table `phil_region`
--
ALTER TABLE `phil_region`
  MODIFY `region_id` int(11) NOT NULL AUTO_INCREMENT, AUTO_INCREMENT=19;

--
-- AUTO_INCREMENT for table `priority`
--
ALTER TABLE `priority`
  MODIFY `id` int(11) NOT NULL AUTO_INCREMENT, AUTO_INCREMENT=5;

--
-- AUTO_INCREMENT for table `products`
--
ALTER TABLE `products`
  MODIFY `product_id` int(11) NOT NULL AUTO_INCREMENT, AUTO_INCREMENT=48;

--
-- AUTO_INCREMENT for table `sql_errors`
--
ALTER TABLE `sql_errors`
  MODIFY `id` int(11) NOT NULL AUTO_INCREMENT, AUTO_INCREMENT=12;

--
-- AUTO_INCREMENT for table `staff`
--
ALTER TABLE `staff`
  MODIFY `staff_id` int(11) NOT NULL AUTO_INCREMENT, AUTO_INCREMENT=5;

--
-- AUTO_INCREMENT for table `status_cart_order`
--
ALTER TABLE `status_cart_order`
  MODIFY `status_id` int(11) NOT NULL AUTO_INCREMENT, AUTO_INCREMENT=6;

--
-- AUTO_INCREMENT for table `users`
--
ALTER TABLE `users`
  MODIFY `user_id` int(11) NOT NULL AUTO_INCREMENT, AUTO_INCREMENT=9;

--
-- Constraints for dumped tables
--

--
-- Constraints for table `cart`
--
ALTER TABLE `cart`
  ADD CONSTRAINT `FK_status_id_cart` FOREIGN KEY (`cart_status_id`) REFERENCES `status_cart_order` (`status_id`) ON UPDATE CASCADE,
  ADD CONSTRAINT `FK_user_id_cart` FOREIGN KEY (`user_id`) REFERENCES `users` (`user_id`) ON UPDATE CASCADE;

--
-- Constraints for table `cart_items`
--
ALTER TABLE `cart_items`
  ADD CONSTRAINT `FK_cart_id_cart_items` FOREIGN KEY (`cart_id`) REFERENCES `cart` (`cart_id`) ON UPDATE CASCADE,
  ADD CONSTRAINT `FK_product_id_cart_items` FOREIGN KEY (`item_id`) REFERENCES `products` (`product_id`) ON UPDATE CASCADE;

--
-- Constraints for table `intl_regions`
--
ALTER TABLE `intl_regions`
  ADD CONSTRAINT `FK_country_id_intl_regions` FOREIGN KEY (`country_id`) REFERENCES `countries` (`id`) ON DELETE NO ACTION ON UPDATE CASCADE;

--
-- Constraints for table `orders`
--
ALTER TABLE `orders`
  ADD CONSTRAINT `FK_status_id_orders` FOREIGN KEY (`order_status`) REFERENCES `status_cart_order` (`status_id`) ON UPDATE CASCADE;

--
-- Constraints for table `phil_city`
--
ALTER TABLE `phil_city`
  ADD CONSTRAINT `FK_province_id_phil_city` FOREIGN KEY (`province_id`) REFERENCES `phil_province` (`province_id`) ON UPDATE CASCADE;

--
-- Constraints for table `phil_province`
--
ALTER TABLE `phil_province`
  ADD CONSTRAINT `FK_region_id_phil_province` FOREIGN KEY (`region_id`) REFERENCES `phil_region` (`region_id`) ON UPDATE CASCADE;

--
-- Constraints for table `products`
--
ALTER TABLE `products`
  ADD CONSTRAINT `FK_brand_id_products` FOREIGN KEY (`brand_id`) REFERENCES `brands` (`brand_id`) ON UPDATE CASCADE,
  ADD CONSTRAINT `FK_category_id_products` FOREIGN KEY (`category_id`) REFERENCES `categories` (`category_id`) ON UPDATE CASCADE,
  ADD CONSTRAINT `FK_priority_id` FOREIGN KEY (`priority_id`) REFERENCES `priority` (`id`) ON UPDATE CASCADE;

--
-- Constraints for table `sql_errors`
--
ALTER TABLE `sql_errors`
  ADD CONSTRAINT `FK_status_id_sql_errors` FOREIGN KEY (`status_id`) REFERENCES `status_cart_order` (`status_id`) ON UPDATE CASCADE;

--
-- Constraints for table `staff`
--
ALTER TABLE `staff`
  ADD CONSTRAINT `FK_gender_id_staff` FOREIGN KEY (`sex`) REFERENCES `gender` (`id`) ON DELETE NO ACTION ON UPDATE CASCADE;

--
-- Constraints for table `users`
--
ALTER TABLE `users`
  ADD CONSTRAINT `FK_city_id_users` FOREIGN KEY (`city_id`) REFERENCES `phil_city` (`city_id`) ON UPDATE CASCADE,
  ADD CONSTRAINT `FK_countries_id_users` FOREIGN KEY (`country_id`) REFERENCES `countries` (`id`) ON UPDATE CASCADE,
  ADD CONSTRAINT `FK_gender_id_users` FOREIGN KEY (`sex`) REFERENCES `gender` (`id`) ON UPDATE CASCADE,
  ADD CONSTRAINT `FK_intl_regions_id_users` FOREIGN KEY (`intl_region_state_id`) REFERENCES `intl_regions` (`id`) ON UPDATE CASCADE,
  ADD CONSTRAINT `FK_phil_region_id_users` FOREIGN KEY (`phil_region_id`) REFERENCES `phil_region` (`region_id`) ON UPDATE CASCADE,
  ADD CONSTRAINT `FK_province_id_users` FOREIGN KEY (`province_id`) REFERENCES `phil_province` (`province_id`) ON UPDATE CASCADE;
COMMIT;

/*!40101 SET CHARACTER_SET_CLIENT=@OLD_CHARACTER_SET_CLIENT */;
/*!40101 SET CHARACTER_SET_RESULTS=@OLD_CHARACTER_SET_RESULTS */;
/*!40101 SET COLLATION_CONNECTION=@OLD_COLLATION_CONNECTION */;
